lang,sentence,char,bpe_2k,bpe_10k,has_digits,has_long_word,gap_2k_vs_10k
en,In my opinion he's one of the top three guitar players out of Sweden.,2.3052122108128703,1.9296362226864272,2.151042481202946,False,False,-0.22140625851651863
en,"He claimed the throne from 1314-1356, but reigned only from 1332-1336.",2.480460408731115,2.4121487060251385,2.4104824799685995,True,False,0.0016662260565389886
en,Steam bubbles come out of the top of the column.,2.275328056138146,2.1549544645646517,2.328184488044918,False,False,-0.1732300234802664
en,We may say that a singer took the title role in the opera Carmen.,2.1132894595911162,1.9281612470588674,1.960673597847722,False,False,-0.03251235078885473
en,"The characters, however, are very different.",1.3563086904177106,1.2367262945389588,1.0807145182671,False,False,0.1560117762718587
en,"This name was later corrupted to Hervey's Island, or Hervey's Isle, and later applied to the entire southern group, as the Hervey Islands.",2.08517605892487,1.97429391951829,2.109403569222369,False,False,-0.13510964970407913
en,"High, puffy little clouds do not change until a lot of moisture is added.",2.51426066883374,2.2046469772715507,2.1887375594671954,False,False,0.015909417804355286
en,"Ranja Jamal, a Rudaw journalist who is embedded with the Iraqi army was with Gardi when she died.",2.7296967290832392,2.6413877794882072,2.7102772062754146,False,False,-0.06888942678720733
en,"Rice represents its presence as the staple food of Bangladesh, and for the agriculture of that nation.",2.0128688093843516,1.9235445870790464,1.9217364650114122,False,False,0.0018081220676342546
en,"However, this victory was not decisive: ""Sometimes the Saxons and sometimes the citizens (meaning the Romano-British inhabitants) were victorious.""",1.9665739036992316,1.8627652500093161,1.9146325401580016,False,True,-0.05186729014868541
en,A photographic print is a photograph made on paper.,2.0611920676855227,1.7822724037193363,1.7760177386727578,False,True,0.006254665046578456
en,"The Federal Government wanted to bring all responsibility for preventing a disaster in Germany, or clearing up if a disaster happened, under one ministry.",1.9209597350415877,1.8719776558320336,1.5818482586173483,False,True,0.2901293972146852
en,"In 2010, 265 people lived there.",1.2342156285676384,0.8575598645660185,0.8267936067270146,True,False,0.030766257839003885
en,"All of the leaves have lost some lines at the bottom through deterioration.""",2.0059281625963568,1.9597318178735426,1.829461133352069,False,True,0.1302706845214736
en,"From 1909 to 1917, the span of the bridge between Manhattan and Roosevelt Island was the longest cantilever span in North America.",2.1417247902155814,1.910672699764364,1.8859270272459105,True,False,0.024745672518453388
en,"Before his death in 2020, he was the oldest living former New York Giants player.",1.7073590584077634,1.522100219395697,1.4761104813482326,True,False,0.04598973804746431
en,It shows Laura asking her parents why they are in Indian territory if they don't want to be near Indians.,2.0956779389762223,1.8527976273953468,1.7627797532831833,False,False,0.09001787411216355
en,"As the 2000s progressed, laptop computers became more powerful and affordable.",2.348572648420053,2.2104608442529816,2.0925072528592836,True,False,0.11795359139369799
en,The name was changed to Dravidar Kazhagam in 1944.,2.2107264493244507,2.1386686591790425,2.01679778706006,True,False,0.12187087211898229
en,"In 1935, the name was changed back to Iolani Palace.",2.070171652810465,1.9419391038783584,1.7904843022225347,True,False,0.1514548016558237
en,Here is a graph with all the names wanted.,1.9863061228969148,1.901832980315397,1.8206101978464828,False,False,0.08122278246891423
en,He became famous after appearing many times on Late Night with Conan O'Brien.,2.310977341418162,2.11975295407039,2.061800692237868,False,False,0.05795226183252167
en,"One of the inland towns of the South Shore, the population was 10,209 at the 2010 census.",1.7327415037544256,1.535964855553043,1.390047375485212,True,False,0.1459174800678309
en,"The brothers wanted to only have a small number of restaurants, which Kroc did not want them to have.",1.8795530957704907,1.6843603677666763,1.4400844656483844,False,True,0.24427590211829187
en,"The very next year, Beatty led the team to victory over rival Male High School in the 2001 state championship.",2.005037628341149,1.9928223606918887,1.865917881025608,True,True,0.1269044796662806
en,Linden is known for his role as Cpt.,2.567413533945804,2.308301088281037,2.081744196123119,False,False,0.22655689215791774
en,"Rosenthal, Franz, ""The Life and Works of al-Tabari"" pp. 10-11 He was precocious.",3.108020867445466,3.012731913612276,2.7386250304403865,True,False,0.2741068831718896
en,It was equal to 5 Malagasy francs.,3.2272128138115153,3.0843896150233148,3.1234948925903794,True,False,-0.03910527756706461
en,The red kangaroo's range of vision is about 300° because of the position of its eyes.,2.069162276595828,1.9648677735386832,1.8279940289858891,True,False,0.1368737445527941
en,They have sold over four million singles in the UK and Ireland.,1.6499408425020314,1.4826299283672602,1.2478768776098927,False,False,0.2347530507573674
en,"Even though Death Valley gets less than two inches of rain a year, the raindrops make the smooth clay in the dry lake bed very smooth and slippery.",2.482488984360444,2.34180070568845,2.160280733681146,False,False,0.1815199720073042
en,The Scots were completely defeated.,1.702796251482515,1.5568228808749907,1.34294357465386,False,False,0.2138793062211306
en,"Other kinds have vanished, and their names forgotten.",2.2522487175610277,2.103493457508791,2.003336672753699,False,False,0.10015678475509215
en,These characters were in the first two seasons.,1.2209963332453375,1.0799864965968144,0.9957311640432193,False,False,0.08425533255359519
en,Eduard Bauer died 1948 in duty through complications after an operation.,2.4534397751898624,2.196572745202551,2.300710888361619,True,True,-0.104138143159068
en,Proceedings of the Royal Society of London.,1.6710957560888486,1.4819208438977527,1.119414686704501,False,False,0.36250615719325174
en,All 87 passengers and crew on board are killed.,2.3158628834499027,1.9852737043777913,1.6312095813935097,True,False,0.3540641229842816
en,It states that: Huxley J.S. 1942.,3.1661946133414065,2.967277132296129,3.021519731981149,True,False,-0.05424259968502021
en,The game was known as chatrang or shatranj.,2.8130340412200923,2.4861766980542663,2.6835142195510397,False,False,-0.19733752149677342
en,The percencange of girls enrollment becomes 55.97.,3.0880864870274802,2.9775257335826506,2.9730960000498388,True,False,0.0044297335328118415
en,"The seeds may be roasted in a hot oven, and then salted to make a snack.",2.5679646527006996,2.342480526810075,2.168224425505877,False,False,0.17425610130419766
en,"It is discovery of new actions, or new events.",1.95747099391825,1.8384366344581637,1.7991185023802982,False,False,0.0393181320778655
en,The Chief Financial Officer (CFO) is Rafael Rubio.,2.8062962992864438,2.6887161717407047,2.6555865129853227,False,False,0.033129658755381985
en,"He once again reunited with Iommi and Butler in Los Angeles in May 2019, as Black Sabbath were awarded a Lifetime Achievement Grammy.",2.5135219862124574,2.2840901069087427,2.145083604607167,True,False,0.13900650230157563
en,"Pokémon can be found in the wild, in dark grass, caves, forests, ponds, the ocean, and even underwater.",2.3818820312094484,2.0549344392455753,1.9078322274355262,False,False,0.14710221181004912
en,Heaved from the earth.,2.0772809929063856,1.8742689629846725,1.8214741774732013,False,False,0.05279478551147121
en,The band is sometimes direct about the things they want to say.,1.6407856900486517,1.3272389597811394,1.283341506035638,False,False,0.04389745374550147
en,She was also raised there.,1.56744519184397,1.3984220693950309,1.3296584626712997,False,False,0.06876360672373116
en,"This is surrounded by a lotus of eight petals, a lotus of sixteen petals, and an earthsquare resembling a temple with four doors.",2.4508351994648643,2.2315513716609505,2.1619421081137014,False,False,0.06960926354724917
en,"Adults ""growl"" and ""warble"" to warn off others.",2.924742005397349,2.777792231953326,2.8593551187801136,False,False,-0.08156288682678747
en,It was directed by Já (Jordi Amoros).,2.587835040628553,2.562777856328445,2.2895410895973245,False,False,0.27323676673112063
en,This point of view is mostly ignored by the historians.,1.9464479493942088,1.5226270735651695,1.4857711914852696,False,False,0.03685588207989987
en,"In a break from their traditional role of acting as if SmackDown! is not pre-recorded, WWE.com had a photograph of Angle holding his new title on the main page.",2.3097043207419103,2.2555308710267923,2.081823966971472,False,True,0.17370690405532008
en,"His name was misspelled as ""Deadmarch"" when the names were being added to the Cup.",2.099499353913392,1.9855366706858142,1.9915891338649012,False,False,-0.006052463179087031
en,She was the world's third female prime minister.,1.5637008547264297,1.4669243498457178,1.3200406645376268,False,False,0.14688368530809104
en,"A hammer, when thrown by a right-handed thrower, will arc up and to the left as it moves away from the thrower, and will bank towards the right in flight.",2.2377236748561646,2.139834931384242,2.0763545771208323,False,True,0.06348035426340992
en,The current terminal building is largely the result of extensions made during the late 1990s.,1.671660242402274,1.4861905217801263,1.3464093462656586,True,False,0.13978117551446778
en,"Generally, brittle stars live below 500m of depth.",3.0095622571203138,2.733267528816353,2.956579838390133,True,False,-0.2233123095737799
en,Rookie of the Year in 1994.,2.0325503264801705,2.1622289797111467,2.009733437328102,True,False,0.15249554238304475
en,This shows that most people still live in rural areas.,1.796394435575124,1.3517356057177259,1.2141372773862251,False,False,0.13759832833150076
en,The Klagenfurt-Land District (,3.0001138274714125,3.2330597344639607,3.17714935080788,False,True,0.05591038365608059
en,"Ethnic Dress in the United States: A Cultural Encyclopedia, eds.",2.0413990553655967,1.9661187035944507,1.9041927570368369,False,True,0.061925946557613853
en,They are usually made of metal.,1.5128551913257953,1.20074202244455,1.1583034115349924,False,False,0.042438610909557584
en,It has not yet been proved effective in humans.,1.887466941521911,1.8295261011013313,1.6262936293012473,False,False,0.20323247180008397
en,It takes inputs (ingredients) and produces an output (the completed dish).,2.512089217743218,2.281957902624527,2.308588118214894,False,True,-0.026630215590367268
en,"Cenwalh sent Leutherius to Theodore, Archbishop of Canterbury for consecration.",2.9762395731309037,2.8522095377400256,2.7264228027601742,False,True,0.12578673497985138
en,She finds Gabriel among the sick.,2.4938789015263447,2.2923147491170597,2.1581239301533994,False,False,0.13419081896366025
en,This was not only for old people but for people in all age groups.,1.805898250066748,1.6612323993811027,1.5617219028011584,False,False,0.09951049657994426
en,The ASEAN countries meet every year to talk about many matters.,2.1971297875849882,1.904338955519505,1.774102685396531,False,False,0.130236270122974
en,"Sims speaking - ""Sizzaza Za"" and ""The sungoos keekaf terweek.""",4.005300221463532,4.021231209182921,3.914136968238181,False,False,0.10709424094474018
en,"Natural, unpasteurized honey has been known to transmit infection and intoxication with the pathogen and the neurotoxin.",2.4880144392795525,2.384766903400624,2.322774281541822,False,True,0.06199262185880183
en,A planned Johor Bahru–Singapore Rapid Transit System (RTS) at this station was delayed on 21 May 2019.,2.605118551459882,2.399363450381662,2.4074373779642877,True,True,-0.008073927582625817
en,"Funded colleges and Ivy League universities - see Robert Shaplen, Toward the Well-Being of Mankind: Fifty Years of the Rockefeller Foundation, New York: Doubleday & Company, Inc., 1964.",2.571663191361895,2.465694065322136,2.437000879295761,True,True,0.028693186026375272
en,This is useful when attacking an enemy position.,1.7496720268738166,1.6947215903677393,1.565455779735234,False,False,0.1292658106325053
en,The other thing water does is make things cooler.,2.0276434236236174,2.2249258506345346,2.3035861472799763,False,False,-0.07866029664544172
en,The charges were dismissed in October 1999 after he completed a court-recommended DWI program.,2.0968120158713774,1.9073047746095098,1.8923812860289737,True,True,0.014923488580536048
en,He played his last role at theatre stage in Helsinki City Theatre at the age of 85.,2.2525607541471264,1.9584139453450402,1.8423200870506165,True,False,0.11609385829442376
en,"It ran for five and one-half years for 2,281 performances.",2.2423825127161314,2.3421997041779283,2.3436817165748955,True,True,-0.0014820123969672139
en,"Jackson loudly declared this to be a ""corrupt bargain.""",2.6413769691501536,2.4778877060691546,2.6120355496033523,False,False,-0.13414784353419762
en,Cleander was in fact the person who had murdered Saoterus.,2.4510667976257374,2.254766756037868,2.3499964997603118,False,False,-0.09522974372244386
en,"In his third year of his reign, Tutankhamun reversed several changes made during his father's reign.",2.207690436750772,1.8436520556254097,1.9688372259429163,False,False,-0.12518517031750664
en,One policemen assisted the wounded and they escaped into the bush.,2.3173292708481545,2.039381650455194,2.0330066899616,False,False,0.006374960493593651
en,Arabesque split up in 1984 because Sandra wanted to sing by herself.,2.6422871312485454,2.3831961151744676,2.1848013957030497,True,False,0.19839471947141796
en,He wrote L’histoire du soldat (The Soldier’s Tale).,3.349320108868649,3.591511687093961,3.8893145169474965,False,False,-0.29780282985353557
en,Various types of Minié balls.,2.934780013590668,2.584099775382723,2.7163262746035217,False,False,-0.13222649922079865
en,"People gave her the nickname """,2.0989797713985716,2.042155105779195,1.8941905533269452,False,False,0.1479645524522497
en,"If its settings tell it to, the computer will do a ""core dump"" and save data to a disk file, or ""dump file"", for later, to help an expert fix the problem.",2.5627927744948487,2.3862294822306858,2.2461944351104393,False,False,0.1400350471202465
en,They cut off all rail and road routes going through Soviet-controlled territory in the United States.,1.9014686763594963,1.7704495681874657,1.5910180587058287,False,True,0.179431509481637
en,"It was finished by his student Philipp Jarnach, but in the 1980s Anthony Beaumont made a better version of it.",2.1884875741625036,1.961879316519528,1.9851800094691159,True,False,-0.02330069294958781
en,"He became well known at first for his third album You Don't Mess Around with Jim which included his single ""Time in a Bottle"".",2.1184781982451146,1.9215722224607217,1.7355628940981513,False,False,0.18600932836257034
en,"In 2008, more than 95,440,000 people were living in Guangdong.",1.9499908793582499,1.7241134300799932,1.7091821474813522,True,False,0.01493128259864096
en,"Young hatch in about 3 months, usually in August and September.",2.003241190533831,1.9090891163363357,1.9279576769277962,True,False,-0.01886856059146047
en,It was brought from Antoinette's bedchamber at Marly.,2.883368075382005,2.4456411956222683,2.5860253084291296,False,True,-0.14038411280686125
en,His spirit still existed as long as the Ring existed.,2.138852886694895,2.092477395445526,1.8147680659995036,False,False,0.2777093294460222
en,"Immature male elephants are members of the group, but once they reach sexual maturity, the females drive them out of the group.",1.970743348826795,1.8459680438166677,1.7183120294045886,False,False,0.12765601441207908
en,The picture was shown in many parts of the country.,1.3824102004118475,1.0717596844437343,1.0631122909228747,False,False,0.008647393520859525
en,The coasts are part of the Lower Saxony Wadden Sea National Park.,2.092228943633241,1.9912947648685435,1.7504323327118128,False,False,0.24086243215673075
en,"George travels to the Villa of the family, discovering only the Countess and her gardener Lopez remain.",2.138143561645668,2.0551848459852318,1.9693112096047563,False,False,0.08587363638047552
en,He was put on the watch list of the Yugoslav secret service UDBA.,2.2509516278826176,2.208274414497167,2.1515325641560663,False,False,0.0567418503411008
en,"At the 2000 census the population was 13,935.",1.71950718918798,1.4858072330668848,1.1796509562272626,True,False,0.3061562768396222
en,"Her mother, Monica, Palla was a player in Treviso, and had 9 appearances for the Italian national team, citation and her sister Valentina plays scrum half, her club and national teammate.",2.226463803513904,2.0238417188772297,1.8604204375584783,True,False,0.16342128131875144
en,The Siachen Glacier lies part way up the latter valley.,2.9148061909331027,2.718561406996175,2.676424674776782,False,False,0.04213673221939329
en,Due to the rapid German advance a quick retreat was ordered at 06:45.,2.5842310456453017,2.3711040122861586,2.4369184510492987,True,False,-0.06581443876314008
en,The Pirates of the Caribbean is a very popular ride in Disney Land.,2.1889186175523148,2.019109341798339,1.7241496264061982,False,False,0.2949597153921406
en,"There it hung for some years (early 1970s), until scorched in a minor laboratory fire.",2.4370331612746905,2.2073623896010908,2.3634747502887223,True,False,-0.15611236068763157
en,"Super high voltages, such as from a small Tesla coil, supply such a small amount of current that a person feels just a tickle.",2.2510736044951556,2.204305590355394,2.178018884479745,False,False,0.026286705875649297
en,"This would mean that the day side of the planet is extremely hot, while the dark side is cold.",2.0099892068230187,1.6281781632928827,1.5157603964882613,False,False,0.11241776680462134
en,"After the season the Typhoon Committee retired the names Sonamu, Utor, Fitow and Haiyan from its naming lists, and in February 2015, the names were subsequently replaced with Jongdari, Barijat, Mun and Bailu for future seasons.",2.4053514308280097,2.2792536063879028,2.2229910209502743,True,True,0.05626258543762841
en,The novel was on the short list of possible Booker Prize winners.,1.909449534644994,1.8792873215685841,1.8821421084946153,False,False,-0.0028547869260311387
en,"West's comments about President Obama have drawn criticism from other African-Americans, including Melissa Harris-Perry and Al Sharpton.",2.309688617572682,2.168145640564774,2.182140458878955,False,True,-0.013994818314180701
en,"In the European part of Russia, there are 27.5 people per square kilometer.",1.7403030889016773,1.6134670787171934,1.5079139034735451,True,False,0.10555317524364827
en,In 1969 the FDP returned to government.,1.8606313190257608,1.7619644594674058,1.657685462046095,True,False,0.10427899742131075
en,"Child population in the age group below 6 was 13,150 Males and 12,615 Females.",2.413183090696193,2.166056682812633,1.9598682414220476,True,False,0.20618844139058523
en,He started all of this research because he thought that there was a problem with the Sherif's conformity test.,1.7807098792413336,1.640009502906836,1.6104006722507906,False,False,0.02960883065604536
en,The highest temperature on record is convert in 1936.,1.5701310767511334,1.4495268542329265,1.4086889495522272,True,False,0.040837904680699255
en,"He also militarized Russia by focusing the country's time and energy towards weapons, vehicles, and the armed forces.",1.8482470617122155,1.8791605642599816,1.8672962565563653,False,False,0.01186430770361624
en,"MidAtlantic 2012, “Letter to the president about chemicals disrupting our bodies.”",2.6419561404116947,2.3874673034377714,2.419963620093831,True,False,-0.032496316656059676
en,"He explains that at first, John Thorpe, who had thought Catherine would marry him soon, had lied to General Tilney that she was rich.",2.3122840083376857,2.0811135333142516,2.0506975544304358,False,False,0.030415978883815864
en,"After concluding “The Open Door Tour"", the band went on a lengthy hiatus.",2.6857518769476183,2.5165875848035544,2.618258224548819,False,False,-0.10167063974526469
en,"The OSCE did note some problems with voter registration, and the Council of Europe had concern over the transparency of some campaigns and financing.",1.9896794871345345,1.8043796738571396,1.714054642451418,False,True,0.09032503140572157
en,"After that, Figueres became a national hero, winning the country's first democratic election under the new constitution in 1953.",1.7953317238694695,1.5660664035249392,1.5513804823336437,True,True,0.014685921191295526
en,It has a small slit through which air passes and makes the vocal cords vibrate.,2.113239986957537,1.9603020069206725,1.9185824554743722,False,False,0.04171955144630024
en,He is also the patron saint of lost causes and desperate situations.,2.016967544639559,1.8314475361418099,2.0420386869519107,False,False,-0.21059115081010082
en,Disk partitions start at one number and end at another.,2.2630224096612106,2.303393125745744,2.3056607415663204,False,False,-0.0022676158205765518
en,"It is a remake of Bodas de odio, produced by Ernesto Alonso in 1983.",2.7983006994633093,2.6692674105955883,2.770630335990927,True,False,-0.10136292539533853
en,The first boots for skiing were made by military people fighting in the Russo-Finnish War.,2.0591558535767227,1.8726064914164662,1.8327437705043583,False,True,0.03986272091210785
en,"Some passed over the Misty Mountains and eventually came to Rhosgobel, but they found that Radagast was not there.",2.220045807323371,2.045522287767718,2.068295063903948,False,False,-0.022772776136229744
en,"The fire had burned through convert and destroyed 29 houses, farm buildings and animals.",1.9103855737330517,1.647728536909295,1.523377273482569,True,False,0.12435126342672609
en,The gas clump becomes warm enough to radiate energy.,2.4384459818553803,2.3227079140992544,2.2278542772395102,False,False,0.09485363685974413
en,It was believed to be extinct until several specimens were found in 1981.,1.7849141144449554,1.5378543616944054,1.3705865268895854,True,False,0.16726783480482
en,The players start out with 10 or 15 tokens.,2.3237953070063893,2.15236450156584,2.068459482037266,True,False,0.08390501952857399
en,A person should not work at something that can hurt themselves or other people.,1.6814980422984387,1.368979561903905,1.178433929223689,False,False,0.19054563268021596
en,He learned a lot from his organ teacher G.D.Cunningham who had taught his uncle Alfred the piano some 40 years before.,2.4088947989932636,2.2320551499566297,2.059929779507787,True,True,0.17212537044884257
en,"Three of these movies, Man Hunt (1941), The Woman in the Window (1945), and Scarlet Street (1945) established her as a movie noir femme fatale and leading Hollywood actress.",2.2903510481861487,2.13307221022701,2.2234405455199866,True,False,-0.09036833529297672
en,"Thiruvananthapuram has a sex ratio of 1088 females for every 1000 males, and a literacy rate of 92.66%.",2.9342519933379516,2.694725352434932,2.3700441213852597,True,True,0.3246812310496723
en,"Five years later in 1910, Japan took over Korea.",2.263028643154842,1.7760210606108053,1.6807113922494523,True,False,0.09530966836135302
en,Zee Telugu is a Telugu cable television channel in India.,2.723929637877589,2.5162474688357923,2.42251317607986,False,False,0.09373429275593237
en,"Routledge & Paul, London, p. 529. See also: Jacobs, Jane (1961) The Death and Life of Great American Cities.",2.4666619462884953,2.4202500328186347,2.199888870540686,True,False,0.22036116227794889
en,This two-part episode is the first appearance of the Groske.,1.7798221770856648,1.7628448617761514,1.7787440432218955,False,False,-0.015899181445744093
en,Feeding behaviour has been reported for this shark and includes biting into schools of bony fish.,2.0470045065862843,1.9927955750343274,1.878696921401113,False,False,0.11409865363321425
en,It was the third single of the album.,1.4872765646799901,1.2424672628959064,0.9319987505272843,False,False,0.31046851236862205
en,In 1704 the provincial capital of Bengal was moved from Dhaka to Murshidabad.,2.493343299303031,2.41234077605087,2.142136310868099,True,True,0.2702044651827711
en,"In July 2001, the Progressive Broadcasting Corporation (PBC) owned by businessman Alfredo ""Atom"" Henares ventured into UHF television through UNTV 37 (pronounced as ""un-tee-vee"").",2.6550726279252888,2.4742245389390707,2.484016023378806,True,True,-0.00979148443973532
en,Kabir das has written much poetry and song.,2.5387673666703234,2.5053219318266056,2.328682366013307,False,False,0.17663956581329865
en,"During the spring of 2015, Chan confirmed in several interviews that he would start training for the 2015–2016 season.",1.7743437255852608,1.6011650235448753,1.5710227949663627,True,False,0.030142228578512675
en,"Depending on the local jurisdiction and community standards, lap dances can involve touching of the dancer by the patron, touching the patron by the dancer, neither, or both.",2.242803083571262,2.0226237787687382,1.994890442214373,False,True,0.027733336554365273
en,"The problem was that in Central Europe elephants were not known, so they could not recognize the figure.",1.6393089094222228,1.417735188941664,1.33900751964878,False,False,0.078727669292884
en,He was Governor of Negros Occidental from 2010 to 2019. citation He was Mayor of Sagay City between 2001 to 2010.,2.011177526078462,1.882888171977003,1.7315606254138596,True,False,0.1513275465631434
en,"Roderick James Nugent Stewart main (born 3 January 1973), known as Rory Stewart, is a British politician.",2.299853665308915,1.9795016724055206,1.8611823851866645,True,False,0.1183192872188561
en,"In Duck Hunt, players use the Nintendo Zapper Light Gun that must be plugged into their NES consoles.",2.8273494576977583,2.558207912741496,2.5496706669749956,False,False,0.0085372457665005
en,They play in the National League North.,1.511988226782796,1.4215276913930104,1.3293712694795967,False,False,0.09215642191341367
en,It was used in a T-mobile advert in the UK.,2.157478702750188,2.029160132993053,2.2091512967063665,False,False,-0.17999116371331336
en,"The album broke the record for most pre-adds on Apple Music before release, with over one million pre-adds on the streaming service.",2.110555036226033,1.9340773536968845,1.955572071263583,False,False,-0.021494717566698407
en,He chose to isolate himself from them.,2.1533691239891906,1.992871456911754,2.0318327417838935,False,False,-0.03896128487213946
en,"People have written books, short stories, and poetry in Cornish Dialect.",2.2465572928165587,1.8831360320012027,1.7298708231660607,False,False,0.15326520883514205
en,Leveraged buyouts use borrowed money.,3.1407406528193156,3.193606743833336,2.9896273543977943,False,False,0.20397938943554195
en,"Ballroom dance teaching and medal awards is done by Dance Teacher organisations, such as the Imperial Society of Teachers of Dancing (ISTD) or the International Dance Teachers Association (IDTA).",2.1072283663892177,2.0070838655892094,1.9203109386770838,False,True,0.08677292691212557
en,"While drifting across the region, upper-level winds calmed down enough for the tropical disturbance to strengthen and to develop into Tropical Depression Fifteen on October 13. It strengthened to Tropical Storm Omar the next day.",2.2638337028860183,2.0300487065783264,1.8561360215424958,True,True,0.17391268503583057
en,He plays for Akita Cambiare.,2.9472892234936507,2.918517024160947,2.545713671538654,False,False,0.3728033526222929
en,She first appears in Season 4. Roxy is the Fairy of Animals and has straight purple hair.,2.2188598069870142,2.2543814858798874,2.0323688525708867,True,False,0.22201263330900067
en,It was also close to many airlines and aircraft manufacturers or businesses related to the aviation industry.,1.7378966194376937,1.5691703068480654,1.4837582440004253,False,True,0.08541206284764002
en,The CGPM has 18 members.,2.6468496497211773,2.4944194175041075,2.3534594649967424,True,False,0.14095995250736504
en,"First, sikhae, as one of fermented food, is easily digested by creating peptone, peptide, and free amino acid through the process of decomposition of protein and so good nourishing food for patients, the old and the infirm and children.",2.3996579918811194,2.326393905092502,2.2469197032948665,False,True,0.07947420179763576
en,"Lully had become a very powerful man, and many other musicians did not like this.",1.7932907855585956,1.5744966383743073,1.3628914666688556,False,False,0.21160517170545168
en,Muttahida Majlis-e-Amal was a political alliance of several parties of Pakistan that opposed President Pervez Musharraf and Prime Minister Shaukat Aziz.,2.68587272524644,2.5555246776411016,2.4317853680180312,False,True,0.12373930962307034
en,"For this, 13.1% of national milk production was used.",2.0951225140947067,1.9287651991708752,2.015225132737786,True,False,-0.08645993356691095
en,The composer put the work aside for a time.,2.0162864498366497,1.9025872809508941,1.7930258270274608,False,False,0.1095614539234333
en,Half of the expense of the games was covered by the Dutch government.,1.5371457899855272,1.4982210254088082,1.5959851627741546,False,False,-0.09776413736534639
en,The 2014 Asian Para Games is a disabled sport event held months after the Asian Games.,2.1091432321165624,2.1122209861929133,1.850779143819454,True,False,0.26144184237345924
en,"On the discovery of an oviraptorid skeleton on a nest of eggs at Bayan Mandahu, Inner Mongolia, People's Republic of China.",2.6838024483521434,2.5019308172560333,2.3482162301418015,False,False,0.1537145871142318
en,"It lost in the finals of the 1989 NCAA Tournament to Michigan, 80–79 in overtime.",2.5780189297057894,2.479737606592162,2.3065785608398617,True,False,0.17315904575230023
en,"Paddington has 14 end platforms, numbered 1 to 14. Platforms 1 to 8 are below the oldest three parts of Brunel's 1854 train shed, and platforms 9 to 12 are below the fourth part.",2.433817122412625,2.370446707716302,2.2695439061337446,True,False,0.10090280158255727
en,Njáls saga is the longest and most highly developed of the sagas of the Icelanders.,2.4303529461974804,2.3029681156672117,2.1764245259891633,False,False,0.12654358967804846
en,Close-up of a Komodo dragon's foot and tail.,3.047495883656785,2.960771377075569,3.1301732792105503,False,False,-0.16940190213498152
en,Giselle and Albrecht are in love.,3.2126964560103692,2.9045145525538714,2.853788330381645,False,False,0.05072622217222644
en,"Fandom (from the noun fan and the affix -dom, as in kingdom, dukedom, etc.) or fanbase is a name used for a group of people (called ""fans"") who are interested in something.",2.5885891113540076,2.4404139810736014,2.3650408366711244,False,False,0.075373144402477
en,"Wood is hard to cut, but it is also strong.",2.0232259185293913,1.6929923370401183,1.6448720916418706,False,False,0.04812024539824766
en,"Tantalus in not only this world (the world of the living), but the next as well (the world of the dead).",1.9177291266986913,2.069461301973827,2.1172796333919632,False,False,-0.047818331418136406
en,"Frost was not limited to the success of Satyricon, as he is also an active member in another well-known band: 1349.",2.1137063469744892,2.0681040440370753,1.997159326538316,True,False,0.07094471749875919
en,"It has 4 listed buildings, including Daisygreen Cottages, citation Lodge Cottage, citation Malting Farmhouse citation and Primrose Cottage.",2.4954134654329985,2.4701023364644166,2.4157839649810304,True,False,0.05431837148338614
en,"If the two teams score the same number of points, there is a five-minute ""overtime"" to see who can score more points.",1.964508359761459,1.9056487374939937,1.846635205328807,False,False,0.059013532165186566
en,"Through the late 80s and early 90s, in the """,2.160190639149214,2.1013536773935586,1.9931741746000666,True,False,0.10817950279349198
en,These are the same as the 8 regions of Iceland with one exception.,1.8321758027221362,1.639019181801388,1.6040271296138982,True,False,0.0349920521874898
en,Its official name is The State of Eritrea.,2.3146065728497303,1.926424163624404,1.7958718293851097,False,False,0.13055233423929424
en,Other important members during the next two decades included Daniel Fichelscher and Robert Eliscu.,2.1325839812531986,1.9130134320985097,1.8000964194624964,False,False,0.11291701263601328
en,"Note: What you need to write boost lambda is to include header file, and using namespace boost::lambda, i.e.",3.3706323465506562,3.161995036465102,3.057197531232003,False,True,0.10479750523309894
en,The settlements along the coastline with access to the Bight and facilities are Ceduna and Eucla.,2.321293501229547,2.055148032518339,1.9740708340571882,False,False,0.08107719846115091
en,The list of clubs in the league has changed over time.,1.7253753818911826,1.4357372857499993,1.3396926675580503,False,False,0.09604461819194898
en,"His radio biographies appealed to a wide audience and his portrayal in 1978 of the outspoken television personality, panellist and quizmaster, Gilbert Harding, was widely acclaimed.",2.2687645286098332,2.232490416589821,2.204785954372802,True,True,0.027704462217019277
en,This streamlined shape reduces drag as they move through the water.,2.2769230707284542,2.0567067726022534,1.9200005556203266,False,False,0.13670621698192686
en,"In a growth mindset students understand that their talents and abilities can be developed through effort, good teaching and working hard.",1.94701317767574,1.7055454681007887,1.7459632454751752,False,False,-0.040417777374386565
en,Pathogens can grow too fast.,3.0770515331525923,2.5664485641355324,2.565803901994864,False,False,0.0006446621406683839
en,"She released her first single ""Maiden"" in 2012.",1.8865698800150106,1.5101512227613798,1.3724632883418222,True,False,0.13768793441955762
en,The district currently has 1.5 million people.,1.4575128904454466,1.1684168165565292,1.1524216981852204,True,False,0.015995118371308736
en,"Small sauroopods with an adult body mass less than five tonnes are rare, and small sauropod bones usually come from juveniles.",2.7689928303529356,2.5573939569051616,2.3374428475827926,False,False,0.21995110932236894
en,He asked Queen Elizabeth for help.,2.2127117253219306,2.1131649435562805,1.8000576142203526,False,False,0.3131073293359279
en,Ford Transit Custom is a compact van and leisure van produced by Ford Motor Company from 2013 to the present day.,2.2892362759952056,2.1349737519606644,2.112860331333346,True,False,0.02211342062731836
en,"Many other aircraft were later used, and the British had flown in about 100,000 tons of cargo by the end of the blockade.",1.9676962504392146,1.7027154866753842,1.5805381092983748,True,False,0.1221773773770094
en,Much of North Sulawesi is forest.,2.893642011698855,2.712100362768561,2.882169919089678,False,False,-0.17006955632111698
en,Poach the required number of eggs.,2.2551137235820145,2.0193519650945966,2.1762819081474882,False,False,-0.15692994305289165
en,"Mining has made changes to the landscape, but only one uranium mine (",2.3637174458798214,2.202021991330062,2.1129152444023878,False,False,0.08910674692767406
en,"Before playing in the NHL, LaForge played 2 games with the Montreal Royals and 1 season with the Shawinigan-Falls Cataracts of the Quebec Hockey League (QHL) and 1 season with the Cincinnati Mohawks of the International Hockey League (IHL).",2.414828285099068,2.239318177296339,2.125285887033436,True,True,0.11403229026290296
en,However the club was disbanded in 1993.,1.7403799488535197,1.4246301208284549,1.305087869522251,True,False,0.11954225130620388
en,Sometimes Bastet was also called “Lady of the East” (Protectress of the Eastern Delta) while Sekhmet was called the “Lady of the West” (Protectress of the Western Delta).,2.1319799423422205,2.055385378839249,1.8816433635615513,False,True,0.17374201527769784
en,This exam is different from some other exams because learners get one certificate (paper saying how good they are) for each part of the exam.,2.053785152417575,1.9129901358262946,1.9664994322653786,False,False,-0.053509296439083975
en,"Liberty Mutual agreed to buy all outstanding shares of Safeco for $68.25 per share, for a total price of approximately $6.2 billion.",2.6508201873713175,2.362482216308942,2.382438452080975,True,True,-0.019956235772033093
en,"Stephen Townley Crane (November 1, 1871 - June 5, 1900) was an American writer.",2.0847324179227593,1.6819399689180958,1.81687645609609,True,False,-0.1349364871779941
en,Radical feminists were largely fed up with the male-dominated left wing radicalism and formed the Women's Liberation Movement.,2.091463650957461,2.1730631840822214,1.993151499251798,False,True,0.1799116848304234
en,Those were the only ones Aeroflot and those airlines could use.,2.6585422135674683,2.5273579750729387,2.514869282897885,False,False,0.01248869217505355
en,Michael Crawford won the Olivier and Tony Awards for Best Actor in a Musical.,2.2092249966843025,2.120636609750146,1.935702942068272,False,False,0.18493366768187403
en,Japanese cities subdivided into wards.,2.2677498990068354,1.9430108112294882,1.991212238853215,False,False,-0.04820142762372681
en,"Most of the Sprouses' franchise ended in 2008, except for their clothing line.",2.2481906507307516,2.037762327579432,1.8136861578942254,True,False,0.2240761696852065
en,She rejects him because she likes The Moor.,2.217198333670664,1.9676840276245287,2.021632170938632,False,False,-0.05394814331410336
en,"In 1942, the Nazi regime held a meeting where it was decided decided to kill all Jewish people that fell under German control.",1.9791819362424519,1.7615173132420043,1.6828502928603466,True,False,0.07866702038165774
en,It is a type of philosophy.,1.6718665421262793,1.3243305857413485,1.3311757900730896,False,False,-0.006845204331741073
en,The two could now communicate only by letter.,1.9146610177364958,1.8919404046860229,2.0971149295046714,False,False,-0.2051745248186485
en,The location of Harpers Ferry proved to be a poor choice militarily.,2.1188742741919215,2.1627557123646244,2.336486544440933,False,False,-0.17373083207630868
en,The second one has sex and the first one does not.,1.778309026954707,1.6717732340711522,1.5480425213324862,False,False,0.12373071273866598
en,"He played from 1952 until 1957 for teams such as: the Birmingham Black Baron, the Philadelphia Stars, St. Jean Canadians, Billings Mustangs, Phoenix Stars, Kinston Eagles, Beaumont Pirates, and Mexico City Tigers.",2.502154460861293,2.3569184489925408,2.2221214947145524,True,True,0.13479695427798832
en,The staff members of both stations live in Olonkinbyen.,2.687006226767468,2.480892193841828,2.2577911888009665,False,True,0.22310100504086128
en,He moved to England but was sent to an internment camp during WWII.,2.254873195294586,1.9425132060177868,1.742362629599076,False,False,0.2001505764187108
en,Examples: plant height (short or tall); colour of peas (green or yellow); position of flowers (restricted to the top or distributed along the stem).,2.4375485516866697,2.24121518893461,2.2555875274415915,False,False,-0.014372338506981386
en,"The event, held in March, is one of two tour events (beside Miami Masters) in which main draw play extends beyond 8 days.",2.4523969063821696,2.402275861471835,2.3928436788005683,True,False,0.009432182671266887
en,It is important evidence for early farming in Europe.,1.6634815270735017,1.35439919889382,1.3808403976524266,False,False,-0.02644119875860662
en,Merrick ends up back at the clinic.,2.703078687961434,2.3517136989181604,2.8633169875621234,False,False,-0.511603288643963
en,Alicia continued west until the frontal ridge had collapsed to the east.,2.1957197866439264,2.225515738499227,2.155258761829959,False,False,0.07025697666926778
en,Both use intense applied magnetic fields (H 0 ) in order to achieve dispersion and very high stability to deliver spectral resolution.,2.5171563005453854,2.107598905051414,1.9779132851581362,True,False,0.12968561989327787
en,Her best known work was The Shell Seekers.,2.23380397199405,2.1131568145477413,2.0342374157198155,False,False,0.07891939882792576
en,The reason for removing the cell walls is to allow many different experimental techniques to be used.,1.7360446209816383,1.5403631654949954,1.3496711762533369,False,True,0.19069198924165853
en,All of the songs are played live and are taken from one performance.,1.6474279740802487,1.4561432267656829,1.3690125287348236,False,True,0.08713069803085927
en,"The evidence to support this idea, however, is ambiguous and the effect may depend on the dose size and dosing regime.",2.185104383431015,1.9949439930449173,1.8365056436349052,False,False,0.1584383494100121
en,"The extinction came in two steps, at the start and the finish of the Hirnantian stage, which was the last stage of the Ordovician.",1.9477111355203536,1.9647193847214799,1.792300071220975,False,False,0.172419313500505
en,It's also worthy to note that only Mount Ararat (along with Little Ararat) are depicted while Noah's Ark is absent.,2.897569584729347,2.917892857607912,2.9013493126821572,False,False,0.016543544925754716
en,They wait at the fire station to be called out to an emergency.,1.866704507979149,1.6371473970696488,1.7237416936749783,False,False,-0.08659429660532947
en,The Wests later had two daughters.,1.8718697071566222,1.5348363872945814,1.669647985585309,False,False,-0.13481159829072764
en,"Professor of Music at CUNY; released ""Requiem"" original composition for orchestra and chorus.",2.484674193746563,2.372146779585844,2.5383168559541307,False,False,-0.1661700763682865
en,"After two years, he started to study at the National Academy of Design with Leon Kroll, Ivan Olinsky, and Hermon McNeil.",2.1843756522697535,1.9091297284047912,1.8773494722270538,False,False,0.03178025617773739
en,"It sets quickly, Lowe, Colin: ""Gear Test: Rocna Anchor"", Boating NZ, July 2006 and has a large fluke area.",3.0248798800378887,3.057511501744893,3.005377728931392,True,False,0.05213377281350118
en,"They said that he praised them when they were good, and did not keep on rehearsing once the piece was perfect.",1.9533147664337505,1.7149664214588825,1.7078974201098618,False,False,0.007069001349020665
en,"He wrote columns and articles for many publications including Cars for the Connoisseur (UK), Victory Lane (USA), NZ Classic Car (New Zealand) and Am Klassiek (the Netherlands).",2.4148926858667665,2.3424161108219974,2.1165102100517292,False,True,0.22590590077026818
en,Most buildings there still look as in the 18th century.,1.6182415653808513,1.482948022564506,1.4290135753233257,True,False,0.05393444724118024
en,"In 2010, 378 people lived there.",1.2580651402701966,0.8849937031763767,0.8510837275578924,True,False,0.0339099756184843
en,"Since then 3,464 Medals of Honor have been presented.",2.2441539655447733,2.0735251621095565,2.2620652324831645,True,False,-0.18854007037360798
en,He was one of the most prolific creators of music for children.,1.5361940969611327,1.529192683244508,1.3235081401359725,False,False,0.20568454310853546
en,It lets the Province of Ontario and cities protect important buildings and other places.,1.7589362136855968,1.7074091293490714,1.5434041237008649,False,False,0.16400500564820653
en,Here the princess must pass the night.,2.1297400130648625,2.0913397973371994,1.8852247816535548,False,False,0.20611501568364465
en,"'s ""Flowers and Trees"" is shown for the first time.",1.9436177424141947,1.678248512132881,1.8330823230773798,False,False,-0.15483381094449888
en,In cascade reactions multiple chemical changes take place within a single reactant.,2.11650157732774,1.9201863624004587,1.7773377691454109,False,False,0.14284859325504784
en,"In 1106, Henry defeated Robert's army decisively at the Battle of Tinchebray and claimed Normandy as a possession of the English crown, a situation that endured for almost a century.",2.154582891511509,2.0603384137611127,1.9398899601171051,True,False,0.12044845364400758
en,"Field Marshal Walter Model said his 74 divisions had the strength of just 25. Cooper (1978), p. 513 The Western Allies' supply problems gave the Germans time to rebuild their strength.",2.1623480952935497,2.14179579294252,2.1152976282964415,True,False,0.02649816464607868
en,Adding more wool and poking it repeatedly into the felt makes a simple shape.,2.4163839735175543,2.302309980270556,2.133839797233492,False,False,0.16847018303706385
en,"'s solo album entitled Modern Rocking, which is the result of the singer's collaboration with the Plan B duo.",2.04341985872929,1.970623892804463,1.8132643951617797,False,True,0.1573594976426833
en,Erysimum caboverdeanum at the botanical gardens in Las Palmas de Gran Canaria.,3.470716410451243,3.3277711884483585,3.3742846321987114,False,True,-0.046513443750352934
en,Clayton M. Christensen first used the term in 1995: Christensen defines a disruptive innovation as a product or service designed for a new set of customers.,2.3764783359822834,2.237528342480873,2.1450943059533505,True,False,0.09243403652752269
en,They presumably worshipped a River God.,2.8185416636626393,2.628766650844409,2.5490423732104457,False,False,0.0797242776339635
en,It is now known that there are two different kinds of nerve synapses.,2.057549331506386,1.6331065271015066,1.475802507041618,False,False,0.15730402005988853
en,"A nickname for Denver is The Mile High City, because Denver is very high above sea level.",2.5461247219350884,2.1922779238721106,1.9564899235620543,False,False,0.2357880003100563
en,"Teamwork helps people to understand others, build friendly friendships, and to get any job done the right way.",2.109634414994845,2.019457050434159,1.936545819624607,False,True,0.0829112308095521
en,This movie was released in December 2002.,1.055168794043208,0.9351184175381352,0.6947251957457219,True,False,0.2403932217924133
en,All were withdrawn from service by 1989.,2.1401675438283805,1.9951190204126177,2.10155215338919,True,False,-0.10643313297657242
en,He is best known for his role as (former) Chief Inspector Charles Dreyfus in the Pink Panther movie series.,2.183475428851026,2.1022217540910337,1.8818568929296773,False,False,0.22036486116135645
en,The face of the woman is not visible.,1.6627336271589659,1.4914283344924397,1.466299315754582,False,False,0.025129018737857667
en,His Strawhat was given by Shanks.,2.4688362851684276,2.57172302435457,2.5787531895237685,False,False,-0.007030165169198632
en,"The ride collapses, and there is a huge fire with people trapped in the crushed metal.",1.9624326529340843,1.839784146665701,1.843858593577728,False,False,-0.004074446912027074
en,"As a senior, he played mainly in the United States on the Senior PGA Tour (now Champions Tour), where he claimed five titles between 1993 and 1995 including one senior major, the 1994 U.S. Senior Open.",2.044299153669837,1.9045639650191848,1.7752112157492532,True,False,0.12935274926993157
en,"The album set a new record for fastest-selling holiday album, since SoundScan began in March 1991.",2.3646659173440607,2.093199551175565,2.071937798144195,True,True,0.021261753031370123
en,By this time he was famous as a singing teacher and composer.,1.8172016209201627,1.5696967944623683,1.282444047859075,False,False,0.28725274660329325
en,A separate Women's Cricket World Cup has been held every four years since 1973.,1.991625275915376,1.5975603273044572,1.396430331945661,True,False,0.20112999535879617
en,It has steadily grown to this size due to these collisions.,2.302139952048177,2.247145128574837,1.9908289733108613,False,False,0.2563161552639759
en,"""Early adopters"" are the accounts of people who signed up for LiveJournal back in 1999 or 2000.",2.1664133995031394,2.030926384394223,2.169206856373554,True,False,-0.1382804719793307
en,"The landings began on January 22, 1944.",1.7093654231136448,1.4906793011686525,1.2782379380695492,True,False,0.21244136309910333
en,They are named after the Belgian mathematician Eugène Charles Catalan of the 19th centurty.,2.1460422289835925,1.8699661066102162,2.006270283575945,True,True,-0.13630417696572894
en,The novel tells of the Primrose family.,2.0409032584879157,2.2205842655617056,2.0468798619845794,False,False,0.17370440357712624
en,Most of these laws were passed between 1900 and 1940.,1.690968584180644,1.4339353912050177,1.327635946697153,True,False,0.10629944450786466
en,"Now, ships are too big to reach it.",2.49417464873793,2.2167128214356833,2.1389823195639885,False,False,0.07773050187169472
en,Four people will go to the ISS.,2.273025215462793,1.9880951944202963,2.0735963692967414,False,False,-0.08550117487644515
en,Composition means literally putting together.,1.7883740674778565,1.7374356178347587,1.6398956723529299,False,False,0.09753994548182887
en,"The Corps of Engineers stated that if the Galveston Sea Wall was not there, that another $100 million dollars in damage could have occurred.",2.0938869885624904,1.8958162137667254,1.824251446867714,True,False,0.07156476689901137
en,"Vital Signs, a compilation album released exclusively in Europe, was released October 13, 2014.",1.9525958541628519,1.8296548587792774,1.712585809716561,True,False,0.11706904906271642
en,These allow sawfish to detect movement and even heartbeats of prey hiding under the ocean floor.,2.376243365738624,2.283446208097983,2.2242359501382545,False,False,0.05921025795972845
en,"These together are called the ""document life cycle""",1.9533154472133083,1.865849833580969,1.8538510538310502,False,False,0.011998779749918809
en,"The gameplay for Papers, Please revolves around an immigrations inspector's life and job.",2.2861615560826296,2.0770944925934542,2.04619032620972,False,True,0.03090416638373439
en,It joined the Cfbt Trust in 2012.,2.778633935279902,2.771650711257762,2.641499906395641,True,False,0.13015080486212138
en,"'. citation : 254 Athanasius says that Eutropia was among those people who helped him in Rome, saying that she ""received us nobly"".",2.3961595193459377,2.3871337030576023,2.29560057545585,True,False,0.09153312760175236
en,The summit meetings are intended as a way to resolve differences among the G8 members.,2.0289408348059514,1.907269284881449,1.8638094034316388,True,False,0.04345988144981017
en,A children's book author Abdulla Alish comes from this district.,1.9646414096659564,1.9220400052708657,2.092302025275418,False,False,-0.17026202000455215
en,"On the other hand, underwear can also be worn to make a person look more sexy.",2.1448568560258114,1.8874412355580958,1.7576907663529109,False,False,0.12975046920518496
en,This was the first time a design like this was used.,1.5518426815447353,1.3940694060339072,1.4353627909612807,False,False,-0.041293384927373555
en,It averages 4 feet (120 cm) long but may grow to be 6 feet (180 cm) long.,2.5511176850694994,2.3049698680010593,1.8766270888542966,True,False,0.42834277914676266
en,"Additionally, Ripa and her husband Mark Consuelos own a New York based production company, Milojo.",2.497770343872672,2.34969432379889,2.2069229574547022,False,True,0.14277136634418763
en,"The more Dostoevsky gets worked up (excited) about the tragic (sad) nature of the human soul, the more I lose interest.",2.6320345963830443,2.601804357393144,2.5318497032930734,False,False,0.06995465410007062
en,"Her Quirk is ""Acid"" being able to eject an acidic fluid from her body, as well as controlling its strength and stickiness.",2.434930348543918,2.2099670634251485,2.212170768015794,False,False,-0.002203704590645561
en,Helen learns that the Mariner knows where Dryland is and wants to see it.,2.4623228750945603,2.2936681721931826,2.1322374099659274,False,False,0.16143076222725528
en,"In the first week of February, it created a government that would obey all of Japan's needs.",1.8223049120496617,1.6990647926043412,1.596887125813023,False,False,0.10217766679131812
en,The queen bee only uses her stinger to sting other queen bees.,2.7212469570376476,2.602138433965433,2.7407200666756077,False,False,-0.13858163271017476
en,Some MOSFETs include protection against static electricity.,2.342366464774787,2.1418152483636943,2.1902532676694197,False,True,-0.048438019305725444
en,"In which case, gunnysacking (as a tactic) has the dual effect of raising additional problems (in what is typically already a volatile, difficult situation) and presents a side-track obstacle to dealing with the current issues.",2.3439715561768137,2.133618160648399,2.10401050026887,False,True,0.029607660379528777
en,Magmas can be intermediate between both types.,2.0970752395362386,1.9245846324252986,1.8311873095799227,False,True,0.09339732284537594
en,"""Simpsons Roasting on an Open Fire"" was the 8th episode made, but it was the first to be shown on television.",2.0862908934353053,1.9800894176574189,2.069301058814041,True,False,-0.08921164115662217
en,"It has shops, a health centre, a village hall and a secondary school (Balfron High School).",2.129340470332846,2.0724250403267543,1.9941355466513802,False,False,0.07828949367537419
en,"; four other gems, thought to have been pearls, are missing.",2.427501126390203,2.077740065718263,2.125278280816715,False,False,-0.0475382150984518
en,"Later, Jafar takes the control of the city of Agrabah, reducing Jasmine to the position of a slave.",2.1568002480781034,2.1878801822597547,2.0540865954691103,False,False,0.13379358679064435
en,"'s address bar, inside a browser's tab or in the browser's Favorites' or Bookmarks' list.",3.038763262001882,2.9250655162291324,3.015467057747835,False,False,-0.09040154151870272
en,Wood was married to Norma McCarthy from 1955 until they divorced in 1956.,1.8476127789813852,1.687136641319092,1.4547737636097984,True,False,0.23236287770929365
en,"The Congress shall have power to limit, regulate, and prohibit the labor of persons under eighteen years of age.",2.1718071914394295,2.0760509528709368,1.8659004023340549,False,False,0.21015055053688192
en,She performed the Latin American Spanish version of the song “Let It Go” (Libre soy) from the movie “Frozen” and of the song “Into the Unknown” (Mucho más allá) from the movie “,2.6568215058893037,2.519894561849195,2.3008292602851377,False,False,0.21906530156405735
en,"In 1952 the army began using the term CONEX, short for ""Container Express"".",2.2812530465144394,2.218604871974333,2.1771510427753342,True,False,0.04145382919899898
en,"In any such case, the ball becomes dead, the down is over, and play ceases until the beginning of the next play.",1.9761504742380995,1.9108934502492925,1.8313264956476687,False,False,0.07956695460162377
en,He was one of their three children.,1.2106988529157434,1.061618864139767,1.0311488889782376,False,False,0.030469975161529383
en,"Montgomery kept the initiative, applying superior strength when it suited him, forcing Rommel out of each successive defensive position.",2.3819362344243395,2.152241086724283,2.1456136536756767,False,False,0.006627433048606246
en,"Several years earlier, adopters and developers of USB held a meeting called Plugfest at a special hotel in California to test their devices.",2.3022335145133987,2.075527028239301,1.9315904786593225,False,False,0.14393654957997826
en,'s smallest and most common species of bear.,2.0215295122359738,1.7243855623232784,1.4561005763976034,False,False,0.26828498592567507
en,"They act as ""natural pain killers"".",2.399506225294994,2.6636691310447898,2.5395049950482784,False,False,0.12416413599651133
en,Brown began work as an artist in 2000.,1.9435085202014624,1.7143003444513163,1.476051278875137,True,False,0.2382490655761793
en,"Dalton tried to make a serious, ""down to earth"" Bond, closer to the Fleming novels.",2.458134073618454,2.454319138077715,2.371651893322187,False,False,0.08266724475552811
en,Kane surprised Chavo by emerging from underneath the ring instead of from the entrance stage.,2.513110610265394,2.166972501684008,2.111286305026835,False,False,0.05568619665717289
en,"As a result, he was able to pinpoint his research to destinations like the Pinnacle Point cave, where the findings have been made.",2.108553889809437,1.8400943387215754,1.7336551950938472,False,True,0.1064391436277281
en,Luckily they both agree that making a language that everybody can learn is a good idea.,2.072076245915338,2.0679007573089723,1.9534975227201572,False,False,0.11440323458881507
en,"Today the leadership of the House of Savoy is contested between Victor Emmanuel, Prince of Naples, who is the son on Umberto II, and his cousin Prince Amedeo, Duke of Asota.",2.5112732403234443,2.2672165903864454,2.1530824825882533,False,False,0.11413410779819211
en,Studies on the structure and development of vertebrates.,1.6750844676962544,1.7114500724971369,1.4602376092077927,False,True,0.2512124632893442
en,"Distraught, Arthur returns home and enters Sophie's apartment unannounced.",2.4755093609386467,2.4938603408888866,2.5886387598491103,False,True,-0.09477841896022365
en,Kiwano is a traditional food plant in Africa.,2.0955620009424463,2.1214006744080747,2.0145156403287543,False,False,0.10688503407932037
en,He tells her a sad story about how Mr. Darcy was mean to him.,2.5945094110851294,2.328707050819359,2.031070457774475,False,False,0.2976365930448841
en,Others may wish to broaden their repertoire and take on different roles.,2.321347901789294,2.204174887250859,2.056377086988155,False,False,0.14779780026270428
en,"Because of this, Hermione is successful in her tests.",1.9671170755241691,1.6552235061940281,1.6258729215188699,False,False,0.029350584675158276
en,"Colourful Radio began broadcasting on DAB on 2 March 2009. citation By then Mr Kusitor had appointed as Head of Station, Gordon Mac (formerly of KISS FM) and as Head of Programmes Henry Bonsu (former presenter of BBC London 94.9) to ran the station.",2.594695132109587,2.4443065018133265,2.47089650556682,True,True,-0.02659000375349363
en,The wheels were made of wood.,2.202080904396597,1.8055949445439725,1.698095789829947,False,False,0.1074991547140256
en,"And so, ""Anyone who has violated a taboo becomes taboo himself because he possesses the dangerous quality of tempting others to follow his example.""",2.4321132166057855,2.1523888506995603,1.9610378415024403,False,False,0.19135100919712
en,Chiropractors have many different ways to treat their patients.,1.980899956256149,1.717318313647903,1.539568568553712,False,True,0.17774974509419117
en,Iris is very swift and fast and she generally travels by rainbow.,2.484654745402849,2.223787458068812,2.1821087029919344,False,False,0.04167875507687757
en,"This may also be a consequence of the fact that women have a poorer education, and baby girls are not fed as well as baby boys.",1.9456978593469458,1.7348842776417288,1.5993911858124823,False,False,0.13549309182924651
en,"Even though the Norwegian commandos were able to hide from the Germans, the mission was a complete failure.",1.7435710194211642,1.7768401587292257,1.5189006299230077,False,False,0.25793952880621807
en,Mario Party 4 plays the same as the first three Mario Party games.,2.0549263357231973,2.034575089596501,1.8448355329269255,True,False,0.18973955666957565
en,"As of the 2014 census, 1,561,374 people lived there.",1.7426828341900584,1.3096918359999723,1.2041233035766166,True,False,0.10556853242335573
en,He was a member of the Progressive Conservative Party of Canada.,1.3886395284451236,1.1740542031614951,0.930593742229891,False,True,0.24346046093160412
en,Police and Coast Guard presence is very discreet.,2.3283395414256,2.255266341969148,2.478588648388591,False,False,-0.22332230641944317
en,These problems can be hard to fix.,1.8431308755081242,1.5460022478846787,1.5236345184511835,False,False,0.022367729433495187
en,The stripe goes down its body on each side.,2.2511418302712807,2.0684362174750404,1.757854937151996,False,False,0.31058128032304433
en,"† Winners of the third qualifying round (League Path), whose identity was not known at the time of draw.",2.1680834525946775,1.992844754116814,2.0259100796062173,False,False,-0.03306532548940333
en,On top you can see Jesus giving his blessing.,2.5772579486050877,2.2589750703680367,2.339889109025656,False,False,-0.08091403865761926
en,One feature of their life is different from dragonflies.,1.8803818838921766,1.6813444913601652,1.6403306963682163,False,True,0.041013794991948904
en,"To better understand how the economy works, it can be discussed in three sections.",1.7887983314702607,1.7117860420415125,1.5223766999787953,False,False,0.1894093420627172
en,This means that the reaction can go faster at the same temperature.,1.5371809334117836,1.1916783091199834,1.1211509352570532,False,True,0.07052737386293018
en,He likes rock music.,2.585519428286325,2.192574253801384,2.0066322461677437,False,False,0.18594200763364022
en,"The two wavy lines above and below are for the two rivers which gave the district its name, the Ruhr and the Ennepe.",2.262806723677872,2.099392983449642,1.940084718986829,False,False,0.159308264462813
en,This meant the Congress could make the laws and enforce the laws.,1.8263216682345005,1.573233416778762,1.5046189682339528,False,False,0.06861444854480925
en,Users can also create their own networks that are within the kaioo-network.,2.330712360352674,2.210509883942901,2.249980590246519,False,True,-0.03947070630361793
en,It was published by 2K Sports.,1.9604903756346832,1.788546959007581,1.7783760603747232,True,False,0.010170898632857917
en,"She may think she has done something that made the miscarriage happen, or that having an abortion was the wrong thing to do, and because of this she may feel intense grief.",2.0569098957499667,1.9844054140109266,1.8636322218335684,False,False,0.12077319217735827
en,"Most club and tournament play uses duplicate bridge, where the cards are not re-dealt during a session.",2.2120544023385587,2.140243760860266,2.101407855750417,False,False,0.03883590510984858
en,Andrew asked Leonard to join him.,2.5786625445501374,2.1359008580734864,1.9397420596810608,False,False,0.19615879839242556
en,Samson fights his desire for Delilah.,2.9039905666752843,2.897531260377616,2.5514141117244034,False,False,0.34611714865321286
en,"The Socs were the Westside rich kids, and the greasers were of the lowest class.",2.331963941688531,2.3292396685551005,2.1840445258124586,False,False,0.1451951427426419
en,He was born in Marv.,1.9053642751356987,1.7362521948880913,1.642912984405424,False,False,0.09333921048266736
en,Journal of Geophysical Research: Solid Earth (1978-2012).,2.2546622838648696,2.067508533351936,1.8972332788034034,True,True,0.17027525454853265
en,Rainfall in the area is unusually higher than the rest of Eastern Siberia.,1.9882543150619763,1.6320945536666056,1.5375995254253716,False,False,0.09449502824123401
en,"The central volume contained three levels of rooms, each of them with windows, a chimney and, in the angled turrets, annexes.",2.3648164401337612,2.286528277691936,2.2186887983585297,False,False,0.06783947933340606
en,He works focused on economic and social history of China and Jiangnan regional history.,2.0108475454074726,1.73329606476537,1.7011566974418777,False,False,0.03213936732349221
en,"In the album's liner notes, Cash states that the song is ""based, loosely, on the book of Revelation, with a couple of lines or a chorus, from other biblical sources"".",2.283025588496955,2.151834404786872,2.158564689399166,False,False,-0.0067302846122938575
en,This lasted during and after the war.,1.6606514422566885,1.6546132943158278,1.567187452541858,False,False,0.08742584177396973
en,"In 2021, she moved to Swedish club AIK.",2.4298526175454507,2.119158391525149,2.1599972542129104,True,False,-0.0408388626877616
en,"In 2009, he was awarded special status from from the Independence Foundation in Philadelphia, Pennsylvania, which is awarded to a small amount of artists.",1.7249118336731808,1.42607293321699,1.3031413144015112,True,True,0.12293161881547876
en,This is capped at 14%.,2.5450218794476775,2.348701320595709,2.6164563540298436,True,False,-0.26775503343413476
en,The fountain was designed by Fra Bevignate and Boninsegna.,2.7546911025351672,2.8879580451017253,2.7966678350885914,False,False,0.09129021001313387
en,Property assessed values have increased by $1-trillion since 2007.,2.2858981938870317,2.1129080019159323,2.082388032567165,True,False,0.03051996934876744
en,"OOM means Out of Mana, this is a lot more widely used in game.",2.3973742955962987,2.4463465683603847,2.3779013606708728,False,False,0.0684452076895119
en,Each instruction executed by a CPU is usually done in many steps.,2.106152825818149,1.9330149518547086,1.8175848661851421,False,False,0.11543008566956647
en,"In April 1985, Doolittle was awarded a fourth star making him a full ranked general.",2.2235131746190557,2.1293304571598273,1.9840026082573765,True,False,0.14532784890245076
en,"The album featured the single ""Hello L.O.V.E."" and ""Home to You"".",2.458749530286123,2.37593802856769,2.4453970057369543,False,False,-0.06945897716926419
en,"In 2001, there were 5,846 people living in Okehampton.",2.031392330215132,1.6551228079777769,1.6688261854732591,True,False,-0.013703377495482227
en,The trains have seats for 252 people and standing space for an estimated 1196 passengers.,2.067105373335021,1.8032952995480622,1.7698981949561945,True,False,0.03339710459186773
en,"On 12 March 1850, Hohenzollern-Hechingen officially became part of Prussia.",2.7315977643453233,2.6863834892266176,2.4074001123030038,True,True,0.27898337692361386
en,"However, his mother lets him have a look around Jack's room.",1.934751366615444,1.8160144542393537,1.824274493382747,False,False,-0.00826003914339335
en,He also played for the Austrian national football team.,1.364843703460796,1.1491795230706445,0.7872379067462429,False,False,0.3619416163244016
en,Many of the ideas of the Roman Republic are still used today.,1.6132359667374165,1.4297948774478066,1.2738203273446886,False,False,0.155974550103118
en,The tubular shapes can be used for t-shirts.,2.480527328553197,2.408049406149054,2.1796464173037804,False,False,0.22840298884527366
en,Friar means beautiful.,2.612951138235076,2.8730590154411426,2.477974128953536,False,False,0.39508488648760665
en,"During Battle of the Wilderness rallied and formed, under heavy fire, disorganized and fleeing troops of different regiments.",2.2051786275131517,2.0777219901313226,2.206038213181464,False,True,-0.12831622305014134
en,Whitehead joined the British Foreign Service in 1955.,2.006693774098541,1.7168621901789038,1.590005442842662,True,False,0.12685674733624186
en,This is a one-dimensional (constraint) Knapsack problem: which boxes should be chosen to maximize the amount of money and keep the overall weight under 15 kg?,2.4745257354365373,2.2394934746312756,2.2984189622390763,True,True,-0.0589254876078007
en,It's most famous attraction is the well-preserved Roman ampitheatre.,2.3029925792201,2.2042483364418644,1.9573050980637903,False,True,0.24694323837807408
en,"At the age of 26, she became the youngest female legislator in Florida's history.",1.8604396582038805,1.5661944905063157,1.2442280685209945,True,False,0.3219664219853211
en,"The game got very good reviews, with a 95/100 on Metacritic.",2.4925319957630094,2.434738426999731,2.0992296644639747,True,False,0.33550876253575623
en,The general term for a young horse is foal.,2.097400847602751,2.1084442601190996,2.1381818740885064,False,False,-0.029737613969406773
en,The society was declared an agency of the Oklahoma government in 1895.,1.8510331290901367,1.8616662495769236,1.6446389104731247,True,False,0.2170273391037989
en,Her education was also changed.,1.5621756880096282,1.5464342879588062,1.5079519659496967,False,False,0.038482322009109504
en,"He therefore also appears, patronymically, as Erik Thorvaldsson (or as Eiríkr Þorvaldsson).",3.657982569814383,3.574804701090937,3.398084062791976,False,True,0.17672063829896123
en,"On October 23, the people of Lawrence heard that the Union army attacking Price were defeated.",1.8122816010440195,1.695876443634299,1.5155396793851752,True,False,0.18033676424912382
en,Pohjola received a Master's Degree in Jazz Education at the Royal Swedish College of Music in 1992.,2.197185186636484,2.1171479280951746,2.062542308240043,True,False,0.05460561985513168
en,Rice with a raw egg on top.,2.9440239795228833,3.0083590530060422,2.9089206497931763,False,False,0.0994384032128659
en,"John Coughlin (December 1, 1985 – January 18, 2019) was an American pair skater.",1.8281569960523922,1.5601780967804009,1.5613559698610362,True,False,-0.0011778730806353277
en,"Some types of chairs, such as the bar-stool, have only one leg in the center.",2.0160219092500498,1.8600894202141007,1.7304849878915274,False,False,0.12960443232257335
en,Windows 8.1 is a version of Windows and the second and last version of Windows 8.x.,1.9572190426454457,1.9149316208652967,1.579447520722228,True,False,0.3354841001430686
en,This culture shift away from traditional religion was not widely accepted.,1.800212171916616,1.6167770725053443,1.5501962502223914,False,False,0.06658082228295292
en,"Being near the river, it was a good site for industry which could use river transport.",1.896863852162102,1.7399620318026476,1.7782288121067364,False,False,-0.03826678030408881
en,It went straight to number one in the UK.,1.8762974381754753,1.7248545606501113,1.6478680502662826,False,False,0.07698651038382875
en,"Ishii was born on July 7, 1951.",2.2099363036988366,1.8884644408969151,1.9060436475548572,True,False,-0.017579206657942104
en,"'s first ""return to flight""",2.4566190538780535,2.6587947823747355,3.100178329958284,False,False,-0.44138354758354836
en,"In 1976, he got most marks in the final Ācārya (two years'",3.04488084566932,3.048313875897038,2.980583073682369,True,False,0.06773080221466898
en,"By late-March and April, COVID-19 areas were detected at multiple areas for foreign workers, which soon caused a large number of new cases in the country.",2.0411197480296908,1.9201700794740648,1.790273726957911,True,False,0.12989635251615383
en,Setanta Sports was formed in 1990.,2.1770314773330086,2.1946396704383058,2.003651737690391,True,False,0.1909879327479147
en,"According to the 1998 census, 102,188 lived there.",2.056939481989915,1.5546933804513114,1.6022442228686895,True,False,-0.04755084241737806
en,Many sector businesses focus on what is called the “knowledge economy”. citation They need to keep ahead of other businesses by understanding what their customers want and being ready to give it to them quickly and at low cost.,1.965329196184617,1.7656570730158212,1.5726613042845616,False,True,0.19299576873125956
en,"Seymouriamorphs were definitely not amniotes themselves"".",3.254442362315305,3.122160613569076,3.1056529359216807,False,True,0.016507677647395358
en,"Nixon signed a peace treaty in 1973, but the North Vietnamese would eventually win the war after the US pulled out.",2.1945766221068226,1.9483103707005318,1.8137957415459696,True,False,0.13451462915456225
en,The mixture is then shaped into a final form.,1.8037053487264232,1.7468085825767032,1.7205760538855857,False,False,0.026232528691117585
en,"At the end of this contract, he left Portugal and signed with German second division club Energie Cottbus.",2.112154849081208,1.9669525779583146,1.8691533801959863,False,False,0.09779919776232826
en,Australopithecus sediba hand demonstrates mosaic evolution of locomotor and manipulative abilities.,2.8747237452886396,2.839878354155938,2.6648661669844267,False,True,0.17501218717151135
en,His finishing move is the Stone Cold Stunner.,2.342294832255951,2.1953719977755592,2.3534933853592976,False,False,-0.1581213875837384
en,It was released in other places later that year.,1.3989783707432442,1.2691066196036989,1.202377688014531,False,False,0.06672893158916793
en,He joined the Army by taking part in the Officers' Training Corps at Oxford.,2.1318032385866874,1.9793073567054227,1.976890415273079,False,False,0.002416941432343611
en,Larrasket was known for his several projects for the Social and economic development of the Northern Basque Country and he was also one of the founders of the Eticoop cooperative that promotes entrepreneurship in this geographical area.,1.8562174761605805,1.7253118408524661,1.7071061667072984,False,True,0.018205674145167716
en,The figure also looks like that of a runner.,1.836352046652036,1.8249588151699179,1.6072556237584836,False,False,0.21770319141143424
en,There have been no reports of deaths by night adder venom.,2.190611887058983,2.06835761742865,2.123675446474008,False,False,-0.05531782904535776
en,The term codified law is sometimes used as a synonym for statutory law in general.,2.34724388501749,2.2275159786468883,1.9869773797124928,False,False,0.24053859893439555
en,All species of Sundew are able to move their sticky tentacles in response to a contact.,2.3709370649299464,2.1078258730457424,2.0496941110363234,False,False,0.05813176200941905
en,"But as a modern scientific term, it is no longer good, and is less used.",1.9682892506360516,1.6451946702691447,1.6096137686138192,False,False,0.03558090165532546
en,The second text gives a historic overview beginning with the reign of Julius Nepos.,2.0868048580035565,2.030470679507337,1.8547028379127386,False,False,0.17576784159459824
en,A Mixed government or mixed constitution is a form of government where different sized groups of people control different types of issues.,1.644499156768075,1.5364227448022418,1.4899467471300003,False,True,0.04647599767224153
en,He as interested in literature and theatre.,1.7483346029916886,1.6188421734684828,1.597671922156166,False,False,0.021170251312316868
en,"Shah Wali Ullah reform movement also started at that time, which lasted until 1762 AD.",2.3311987543404267,2.3024829178737156,2.3003989467656605,True,False,0.002083971108055138
en,It was introduced in Japan in 1983.,1.3017773487229358,1.1429398287043409,1.0555886937801147,True,False,0.08735113492422619
en,Constantine protected them.,2.0067151909433596,1.6727333346866278,1.5284830336891475,False,False,0.14425030099748026
en,"; Creston and Bountiful, British Columbia; and Pringle, South Dakota.",2.6335233568295533,2.526061992436677,2.7208543779732786,False,False,-0.1947923855366014
en,Anthropology is the study of past and present people and the many parts of what it means to be human.,1.664280132072337,1.592993363756209,1.4830100403755466,False,True,0.10998332338066241
en,"The formula has 3 numbers a-b-c, starting with the front leg (a), then the middle leg (b), then the hind leg (c).",2.7589168644695787,2.591666596848533,2.4609564994362345,True,False,0.13071009741229833
en,It was the successor to the M1 and M1A1 flamethrowers.,2.730793713689237,2.6932562174596084,2.660997025132824,True,True,0.032259192326784536
en,It uses a math equation to find the risk that a certain event might happen.,2.0480848339882094,1.8432761623136444,1.6884841006798574,False,False,0.154792061633787
en,The Malayalam language Wikipedia has been available in the wikipedia.org domain since 21 December 2002.,2.4131667866739064,2.046815799770076,2.2134279351649573,True,True,-0.1666121353948813
en,This frog can live in places that are very hot and dry.,2.1191073274192123,1.604514892946987,1.4540428492960937,False,False,0.15047204365089328
en,"Fuji Speedway Corporation was established in 1963, as Japan NASCAR Corporation.",2.232652356965809,2.0534886737058144,1.8768564374803998,True,True,0.17663223622541468
en,The club was established in 1927.,1.2994772774798282,1.0584738207756477,0.9595770790895225,True,False,0.09889674168612517
en,"Saints Row IV was released in 2013 and modified the gameplay, allowing the player to fly and use superpowers, rendering the use of motor vehicles impractical.",2.2349209773010457,2.0831129860161592,2.1449330779261193,True,True,-0.06182009190996007
en,"During the spring breeding season, females make lairs in the thick ice and give birth in these structures.",2.0436214278901943,1.8736489231091864,1.6559304854982595,False,False,0.2177184376109269
en,The great difficulty of Petrushka's part is to express his pitiful oppression and his hopeless efforts to achieve personal dignity without ceasing to be a puppet.,2.3595508519514214,2.213827871201821,2.2013663164119217,False,False,0.01246155478989941
en,Fellowship and the Nations Restaurant News “Innovator of the Year” award.,2.4049832271444536,2.315606985660565,2.407623244502433,False,False,-0.09201625884186804
en,He chose only 13 for the final set.,2.190129501310186,2.1530998785345474,2.0681746926650253,True,False,0.08492518586952214
en,He witnessed the killing of King Vegeta and the destruction of planet Vegeta.,2.3661251042121214,2.148109100759725,1.9116497836642783,False,False,0.23645931709544654
en,Today the palace belongs to the Comune of Riposto.,2.4529479478618006,2.463870667184363,2.3963151265506712,False,False,0.06755554063369162
en,"In 1975, he became the head of the Engineering Corps of the army.",1.6199656683758283,1.3565101776477881,1.2616243681341617,True,False,0.09488580951362646
en,Daisen-Kofun is the burial mound of Emperor Nintoku in Osaka Prefecture.,3.1211284070065273,3.0101120132681185,2.7968669455568564,False,True,0.21324506771126206
en,"When selecting a coach, the feature that counts most is his individual skills; his general appraisal does not influence the effectiveness of training.",2.0329895763533887,1.9099497528289497,1.8660847462870849,False,True,0.04386500654186487
en,Each year it is hosted by another European member organisation of FIMCAP.,2.202285701957002,1.8617347671507845,1.846903132082128,False,True,0.014831635068656368
en,"PAX, which is owned by Paxson Communications, shows family-oriented programming.",2.3250573222611703,2.140887190911975,2.112644599156894,False,True,0.028242591755081037
en,The Gaelic League gave Padraic a prize because they liked that play.,2.5185564513522616,2.3091778131257734,2.1874599583551353,False,False,0.12171785477063812
en,"Big dead fish, or just big dead-in-the-water ideas?",3.2611822282835217,3.0801929782893747,2.9983341049106405,False,True,0.08185887337873421
en,Several areas have passed laws against revenge porn.,2.316314572626878,2.124935497742776,1.8281885065750716,False,False,0.29674699116770453
en,"The house is still there, and a small, blue sign says it was Hilton's home.",2.1863981335331784,1.9641762727690646,1.9731115499291756,False,False,-0.008935277160111
en,This is a list of Bangladeshi Test cricketers.,2.513162131876546,2.03594765817398,2.011330398176369,False,False,0.024617259997611107
en,In 1708 he became Field Marshal and Supreme Commander of the Imperial troops in newly conquered Naples.,2.206002941408692,1.9446415948230853,1.814896189644543,True,False,0.12974540517854227
en,In 1986 they won the Landesliga for the first time and were promoted to Regionalliga West (3rd division).,2.110370475248634,2.005887471357879,1.6640008103597919,True,True,0.34188666099808707
en,Writings were done on Oracle Bones.,2.666612251039821,2.515314603308519,2.6950213389868782,False,False,-0.17970673567835904
en,An adult was probably about 6.2 feet (2 meters) long.,2.1996184593494346,1.9479304362048018,1.7786383583688248,True,False,0.169292077835977
en,This is about the village in the Devon.,1.4904697575068413,1.4532203791217673,1.3545665902448776,False,False,0.09865378887688969
en,'s contribution to flood relief efforts was named Operation Queensland Flood Assist.,2.3667159168611325,2.07966387472935,2.0866404298712866,False,True,-0.0069765551419367355
en,"Tarawih prayers are made up of a number of prayer phrases and actions, raka‘āt, said in pairs.",2.711449247314457,2.6567781422589762,2.9542700386203284,False,False,-0.2974918963613522
en,"Beyond the exceptions, if a couple wanted to have more than one child, they must pay money to the government.",1.8311541931063082,1.552493468143542,1.5220767290824082,False,False,0.030416739061133846
en,The flag proportion is 1:2 (length twice the width).,2.637438086191955,2.5408281235621315,2.4663040042184146,True,False,0.07452411934371694
en,"Hence, the party's subsequent leaders were no more leaders of East Germany than the leaders of other parties.",1.838814988306341,1.7193990410589308,1.6818607443282365,False,False,0.03753829673069431
en,The town was named Sudauen and was made a part of the German Reich's East Prussia.,1.923800617967227,1.7585942327381823,1.7466536140460662,False,False,0.011940618692116045
en,It was first called La-vo.,2.2675470711940435,2.05516567016465,2.0572504565978647,False,False,-0.002084786433214525
en,"Some people will pay more for something that is scarce, because it shows that they are rich (a status symbol).",1.8993246835797126,1.8047961269643324,1.714779800140584,False,False,0.09001632682374838
en,It is the first station to be named after a person.,1.319187790422517,1.227735883531872,1.1190621102434735,False,False,0.10867377328839845
en,"James Wood Jr. (January 28, 1741 June 16, 1813) was an American military officer and politician.",1.71219124487313,1.5255414029158396,1.287652900990252,True,False,0.23788850192558764
en,Athanasius eventually spent most of his life battling against Arianism.,2.2818364599419976,2.1885766126279953,2.1119781387826464,False,False,0.0765984738453489
en,"A loch is a lake, usually in Scotland or Ireland.",2.402160769103021,2.200048518911393,1.9950947300863737,False,False,0.20495378882501947
en,Due to the fact that cheetah never attack and kill humans it was extremely popular as a hunting pet since antiquity and especially in medieval times in the Near and Middle East.,2.1259973090766366,1.9128539614929227,1.9126030291433673,False,False,0.00025093234955542165
en,One choice for a standard of length is the Bohr radius.,2.3259307150728112,2.3217803314663894,2.3236560233945993,False,False,-0.0018756919282099105
en,They are often used towards the end of a piece of music to help to drive the music to a climax.,1.834795534868667,1.648114902697821,1.59826848306765,False,False,0.04984641963017111
en,"She released five Polish-language and four Czech-language studio albums, and received platinum and gold certifications for them, both in Poland and the Czech Republic.",2.123996614010941,1.9873274720564946,1.7824439176702274,False,True,0.20488355438626726
en,It has been awarded annually in six categories since 2006 (between 1989 and 2006 there were nine categories).,1.82917795610003,1.7783251252665826,1.6444325164940943,True,True,0.13389260877248832
en,It is a popular fish in marine aquariums.,2.3206100632341182,2.1039410127839253,2.150869017863356,False,False,-0.04692800507943051
en,It was discovered by the HATNet Project team in 2009 using the transit method.,2.1308505192756857,1.9244557335359942,1.8928860234167835,True,False,0.031569710119210725
en,It was the first man-made vitamin.,2.201294907647694,2.1385825248719565,1.9595152108619251,False,False,0.1790673140100314
en,Britain and France declare war on Germany.,2.202835448013644,2.0420169829384536,2.206259358618951,False,False,-0.1642423756804976
en,Sineu is the capital of spring fairs.,2.420825765959958,2.124067710518119,2.167744641772481,False,False,-0.04367693125436167
en,"Lt. Gen. Ossama Rabei, head of the SCA, announced, ""The Suez Canal will not spare any efforts to ensure the restoration of navigation and to serve the movement of global trade.""",2.584884432636146,2.3735007033222577,2.2934803681829754,False,False,0.0800203351392823
en,"They are known for their Japanese television dramas and they have been successful with numerous hit singles, especially ""Kamen"" and ""Venus"".",1.7145449189806192,1.5077451342469346,1.3809649689284145,False,False,0.1267801653185201
en,These affected the region even after the empire was gone.,1.8651426920136103,1.6442461826188435,1.6226402275475258,False,False,0.021605955071317684
en,Egyptian was spoken until the late 17th century AD in the form of Coptic.,2.0904281858358313,1.957819112912521,1.8290688472638776,True,False,0.12875026564864345
en,"Thoroughgood chose to live along the Lynnhaven River, also named for his home in England.",2.3233464983011802,2.2223773643232745,1.9898054548716997,False,True,0.2325719094515748
en,It is best known for predicting the events of 9/11 in its first episode.,1.816500171249192,1.5418129869100794,1.5517608026894325,True,False,-0.009947815779353109
en,A normal tennis game takes place between two of the three contestants.,2.0532560465810503,1.6178918585577111,1.5341790367982446,False,True,0.08371282175946648
en,"On April 1, 1962, he signed a contract with Nikkatsu and changed his stage name to ""Ken Yamauchi"".",2.3799243571044886,2.0350845079644473,1.9309955767354383,True,False,0.10408893122900897
en,"After the collapse of Hippias' tyranny, Isagoras and Cleisthenes were rivals for power.",2.9591322399625706,2.9488280401492024,2.9102696549040528,False,False,0.03855838524514965
en,"The second song to be promoted from this album was 연애조건 (Yeonae Jogeon, translated ""Love Condition"").",3.062457699840081,2.7649006822213575,2.8344122118931914,False,True,-0.06951152967183383
en,He is also on the Board of Scientific Governors at the Scripps Research Institute.,1.8148488544084702,1.6529910832840515,1.5692419143206666,False,False,0.08374916896338491
en,"De La Fuente founded the American Delta Party, and ran as its presidential nominee with running mate Michael Steinberg.",2.3227991501383807,2.2288206752286666,2.25428364686073,False,True,-0.025462971632063347
en,"We will not fight and kill other people of color in the world who, like Black people, are being victimized by the White racist government of America.",1.8767282530779565,1.7682613726254441,1.720537260182756,False,False,0.04772411244268815
en,"As the same relates to every Country in general, but more particularly to the Territories of His Majesty of Great Britain, and his Neighbours of Holland, Zealand, and France.",1.9076439225349435,1.8124786061619629,1.7690985042388598,False,True,0.04338010192310304
en,This made a lot of people angry.,1.8238234378248763,1.4765283852074997,1.3506187399598317,False,False,0.125909645247668
en,The Ministry of Education of Guerrero canceled classes at all schools in the evening and close the port navigation.,1.998290569111329,1.8595384772134673,1.7515969467480803,False,False,0.10794153046538701
en,Gray arsenic is the most common.,2.5798956938789117,2.2307074562408373,2.0617450291909987,False,False,0.16896242704983866
en,The launch track has magnetic brakes so that the train doesn't go back to the station.,1.88871837426932,1.7808590791864145,1.5698029821753605,False,False,0.211056097011054
en,The herbal solution will readily be absorbed by your body.,2.306158110395541,2.219331287416325,1.9967180634842159,False,False,0.22261322393210903
en,"For example, Hugo’s novel against capital punishment, The Last Day of a Condemned Man, has recently been adapted into an opera by David Alagna (libretto by Frédérico Alagna).",2.677766430349881,2.5713193665628618,2.625866744247589,False,False,-0.054547377684727394
en,The Aegean cat has been tame for hundreds of years and has been living where people are.,2.022517087202887,1.9828217908811354,1.8843728306360779,False,False,0.09844896024505756
en,"He wrote three books, Omensetter's Luck (1966), The Tunnel (1995) and Middle C (2013).",2.3573126633054216,2.28344783063273,2.179152110962682,True,True,0.10429571967004803
en,From 2009 to 2012 he was a non-official member of the Executive Council of Hong Kong.,1.538613940853931,1.405729553865709,1.299330687090993,True,True,0.106398866774716
en,People thought it would be violent but it was not.,1.624760326408002,1.468051893155469,1.2810103064947589,False,False,0.18704158666071002
tr,"Öldürücü olmayan bir silah olarak tasarlanmış olsa da, bir dizi ölüme neden olmuştur.",1.7700359716354392,1.5336397226393947,1.4749470193980034,False,False,0.05869270324139131
tr,Dönemin ünlü komedyenlerinin âşık atışması gibi sahnede birbiriyle atıştıkları “Türkiye Komikler Müsabakası” adlı yarışmalarda sıklıkla Naşit Bey ile karşılaştı.,2.2325963237442124,2.1138901442257794,2.0929232424203255,False,True,0.020966901805453908
tr,Darcy kırgın ve sinirli bir şekilde gider.,2.4261396417002503,2.3989915323269178,2.300373384654641,False,False,0.09861814767227672
tr,Kısa süre bu kuruluşlarda boy göstermiş bir süre Japonya'da güreşmiştir.,1.9095258792357988,1.8014495312698169,1.594515482372375,False,True,0.20693404889744182
tr,"Nomadland için çekimler 2018 sonbaharında dört aydan fazla sürdü ve senarist-yönetmen Zhao, Eternals (2021) filmi için set ile ön prodüksiyon arasında zamanını ayırdı.",2.5647769447310638,2.531972482526489,2.3590906736063695,True,True,0.17288180892011962
tr,İnşaat işleri 1924 yılında tamamlandı.,1.5141015319573519,1.5213158425564988,1.324030327971919,True,False,0.19728551458457977
tr,George Michael tarzı ve şarkılarıyla birçok sanatçıyı etkilemiştir.,1.7156236573060601,1.7150156885186336,1.5060777293704732,False,True,0.20893795914816038
tr,Cevlani ağır yenilgi aldı.,2.8683791376470746,3.2008722028826044,2.848545537813528,False,False,0.3523266650690764
tr,"Yardımcı olmak istese de bir savaşın içinde olan Wellington, akrabalarına İrlanda’ya dönmelerini salık verir.",2.084564412761567,2.0516482091849992,1.8631628285994866,False,True,0.18848538058551267
tr,"Teişebaini Kalesi'nin yer aldığı tepenin civarları Karmir-Blur mıntıkası olarak adlandırılmakta, antik kalenin yer aldığı tepe ise ""Teişebaini Kalesi"" olarak adlandırılmaktadır.",2.482697211114591,2.3779999240599756,2.2387004387710387,False,True,0.13929948528893688
tr,Diğer zincir ise kesikli iplik ya da izci zincir denilmektedir.,2.436324118318237,2.0707381896220527,2.049085573878425,False,True,0.021652615743627646
tr,Sezonununda Toplam 9.500.000 Avro Garanti Ücret ayrıca oynadığı maçlarda puan başı 4.000 Avro ödenecektir.” denildi.,2.7758465054978214,2.6549517214758453,2.8747692799444593,True,True,-0.21981755846861395
tr,Styles annesinin Twist'le evlenmesinden memnun olduğunu söylüyor.,2.259833854292269,2.0579504873678895,1.8806688529913695,False,True,0.17728163437652
tr,'nın piyasaya sürdüğü ilk tam sürüm albümdür.,1.925451717722074,1.8103020648330481,1.767329612297706,False,False,0.0429724525353421
tr,"İngiltere'deki Son Kuşak"" adlı yazısı da kaynak olarak kullanıldı.",1.7638269607296653,1.6885227501667062,1.6978641495633497,False,True,-0.00934139939664358
tr,"Bu eser, Polonya Halk Cumhuriyetinin ilk yıllarındaki en büyük şiirsel olayı değerlendirilir.",1.7871920690605845,1.5891651266658222,1.4026718824003102,False,True,0.18649324426551206
tr,Bu yüzden mantık öğrenmek isteyenlerin önce geometri öğrenmeleri gerektiğini söyler.,1.7738366687021523,1.528919777127468,1.5071756018671718,False,True,0.02174417526029626
tr,'ndeki Bonjour Monsieur Manet sergisinde yer aldı.,2.777507671482534,2.7435022096247814,2.7573221149616898,False,False,-0.013819905336908356
tr,Polisin uzaklaşmasının hemen ardından saldırgan üzerindeki düzeneği patlatarak parçalandığı görüntülendi.,1.837881215140891,1.8119768118530761,1.798489426159329,False,True,0.01348738569374719
tr,"Albümde elektronik vokal tekniğini devam ettiren Yener, önceki üç albümünde sözlerini kendisinin yazdığı şarkılara yer vermesine rağmen bu albümde yalnızca Akçıl'dan şarkı almasını ""Başka bir kafaya ihtiyaç duydum.",1.9587387790148076,1.8349097345485172,1.780848397707611,False,False,0.05406133684090619
tr,"Bu bitki, mavi Dağlar'da Newnes ve Clarence arasındaki eski terk edilmiş bir demiryolunun yerinde penisilata kaydedildi; tek bir B. marginata bitkisi, ara özelliklere sahip ancak B. conferta bitkisi daha fazla özelliklere sahiptir.",2.3258419415255798,2.180001982011635,2.162059803003829,False,True,0.017942179007806036
tr,Kleopatra’dır intiharı ile birlikte hanedanlık son bulup Roma kontrolüne geçmiştir.,2.255124049092786,2.0685560901272053,2.191343840779211,False,True,-0.12278775065200564
tr,Bundan sonra bilinmeyen nedenlerle imparatorla arası açılmıştır.,1.6404593833963392,1.5610365463692601,1.4101687506055873,False,False,0.15086779576367282
tr,'ya geldi ve aynı gün Japon hükûmeti tarafından karantina altına alındı.,1.9201674306220515,1.7025123696418052,1.4966088973305747,False,False,0.20590347231123052
tr,'da edebiyat ve hukuk alanında lisans eğitimini tamamlamıştır.,1.6472940759132697,1.4208309028640747,1.1732238442122709,False,True,0.24760705865180377
tr,"Tüm dünyada 11 dile çevrilen atlas, tıp ile ilgilenen pek çok kişi tarafından kullanılmaktadır.",1.9769561647616636,1.6954126540973062,1.72094944068312,True,True,-0.02553678658581382
tr,Eritilmiş kayaçlarla yapılan laboratuvar deneyleri bu çalışmalara büyük ölçüde ışık tutar.,2.1197150347307536,1.9218757486098572,1.7575107120722804,False,False,0.16436503653757684
tr,'ta 1992 ile 2002 yılları arasında devlet başkanlığı makamında bulunmuştur.,1.4900337905386225,1.391295038611519,1.284010450659606,True,True,0.10728458795191309
tr,""" adlı şarkısıyla temsil ederek 15 puanla Beşinci olmuştur.",1.8835380322594801,1.605856586933918,1.2987217138558729,True,False,0.3071348730780452
tr,Zafer Yolları dört Fransız askerinin hikâyesinden esinlenmektedir.,1.901199679186149,1.8648041664266513,1.7082357609753345,False,True,0.15656840545131678
tr,Mahmut döneminde koruda av ve geziler yapılırdı.,2.393934480345975,2.3306396983292355,2.4852993019179372,False,False,-0.1546596035887018
tr,Nihayet 1907'de kuzeybatı kanadının yapımıyla Saint-Joseph Lisesi'nin binası tam olarak meydana çıktı.,2.028285507860079,1.874564141839331,1.9102937880162507,True,True,-0.03572964617691965
tr,"Ayrılmadan önce Huhılu kocasını uyardı: ""Ben seni bekleyeceğim, ama sensiz göl Aslıgöl olmadan fazla kırk gün yaşamak istemiyorum.""",2.9196028302474577,2.8560423785360034,2.7162808961993523,False,True,0.1397614823366511
tr,"Ayrıca, nominal GSYİH ve Satınalma Gücü Paritesi GSYİH'si ile en büyük 10 ekonomiden 9'unu oluşturmaktadırlar.",2.9328266030345462,2.763464286037856,2.7433571776669714,True,True,0.020107108370884585
tr,Dizide sıkça görülen sahne takım oyuncularının duşlarda 50 ve 60'lı yılların ünlü caz ve blues şarkılarını yorumlamalarıdır.,2.2101631900911607,2.127775652415551,2.297223284508087,True,True,-0.169447632092536
tr,"'nin gençlikten, ortayaşlara ulaşması, gençlik sorunlarından konuşurlarken, dünya sorunlarından konuşmaya başlaması gibi ayrıntılarda bunu kanıtlıyor.",1.8976124144983189,1.8111465171788332,1.7361013977229267,False,True,0.07504511945590653
tr,Albus hiç kardeşine bakmıyor diye annesinin cenazesinde Albus'un burnunu kırmıştır.,2.496050973999077,2.422194482343751,2.3769511865535726,False,False,0.04524329579017827
tr,Daha sonra 1874’te samuraylara tahsisatlarını devlet tahviline çevirme seçeneği verilmiştir.,2.294811274949284,2.137915992608824,2.0973883881910007,True,True,0.040527604417823326
tr,Muharebede bir garnizonun saldırısının ardından Bulgar çarı öldürüldü ve askerleri çekilmek zorunda kaldı.,1.9153454899582214,1.7313137924392863,1.6873649279360357,False,True,0.04394886450325064
tr,"Tüm veritabanı, varolan tanımlamalar ve bakımla ilgili bütün planlamalar artık Internet Assigned Numbers Authority (IANA) üzerinde bulunmaktadır.",2.2434467156441316,2.021554303705246,2.0337184245673674,False,True,-0.012164120862121486
tr,"Bu tetrahedralar, SiO 4 4- kompleks iyonlardan ziyade - 4 değerli yüke sahip olup kimyasal bir bileşik değildir.",2.6869500825853736,2.482750655326149,2.4497718709848417,True,True,0.03297878434130741
tr,Aydaki bir kratere kardeşi Johann ve onun anısına Bernoulli adı verilmiştir.,2.5725039480400835,2.537474593185656,2.2911219625879995,False,True,0.24635263059765666
tr,Sıcak ve soğuk suların yer değiştirmesiyle dünya ısısı dengelenir.,2.034705200889142,2.023522529563309,1.9890008165561612,False,True,0.03452171300714779
tr,Neme ve çürümeye karşı oldukça dayanıklı odunu başta tekne yapımı olmak üzere çeşitli amaçlar için kullanılır.,1.944092182836693,1.8572712254926724,1.8985379388722847,False,False,-0.041266713379612296
tr,Bu arada bütün Sahra kabileleri de kendisine bağlılık yemini etti.,1.9574562207778476,1.9015361285893413,1.9073063672796389,False,False,-0.00577023869029758
tr,"'in""Ladytron"" adlı şarkısından almıştır.",2.4095732488724324,2.330566868770158,2.2266818307487695,False,True,0.10388503802138871
tr,"Fotoğrafla ilgili CHP, AK Parti'nin yeni bir toplumsal yapı arayışının sonucu olduğunu iddia etti.",2.0237643110865164,1.680998315610504,1.6515710069848113,False,False,0.02942730862569265
tr,"Günümüzde, bu sosyal medya ortamları; fikir, düşünce, fotoğraf, video ve yazıların paylaşılabildiği gündelik hayatın vazgeçilmezleri arasında yerini almıştır.",1.8869778271894646,1.735118608870963,1.7089669313073717,False,True,0.02615167756359127
tr,"Star Wars’un ilk taslağında ""Cos Dashit"" olarak adlandılırmıştı.",2.8806940346407184,2.548837835566718,3.078843110275735,False,True,-0.5300052747090174
tr,Bir geceyi beraber geçirdikten sonra kadın ayrılır ve İffet'in duyguları yine incinir.,2.189808045308665,2.1988622874358543,2.084370898529773,False,False,0.11449138890608124
tr,Bölgelerin altında alt bölgeler ve bağımsız bölgeler bulunmaktaydı.,1.4338340091184385,1.4541358933554427,1.3808235336107055,False,True,0.07331235974473715
tr,"Library Genesis ( Libgen ) bilimsel dergi makaleleri, akademik ve genel ilgi kitapları, resimler, çizgi romanlar ve dergiler için bir dosya paylaşım web sitesidir.",2.2188014346770784,2.107142311030425,2.0457201083041725,False,False,0.06142220272625254
tr,"Eylül 6, 2007 tarihinde erişilmiştir.",1.6358143957496851,1.5981480952120457,1.5301314550701017,True,True,0.06801664014194397
tr,"İlk üç sezonda (2011-2013) WSL, rugby ligi olan Super League'dekinin benzeri şekilde kümse yükselme ve düşme kuralı koymamıştır.",2.6066029730553164,2.473150323391872,2.4552350319705702,True,True,0.01791529142130166
tr,"Henüz 7 yaşındayken piyano çalmaya başlaması, yetişkin yıllarında sanatçı olmaya merak duymasına neden oldu.",1.9693777403103998,1.7640881403702573,1.6927364325931709,True,False,0.07135170777708644
tr,Birkaç filmin ardından ona şöhreti getirecek olan çıkışını 'Mean Girls (2004)' ve 'The Notebook (2004)' adlı filmler ile gerçekleştirdi.,2.158060598003744,2.070252934923578,1.9801413771882799,True,True,0.09011155773529822
tr,"Temel işlemleri (toplama, çıkarma, çarpma, bölme) ve ileri işlemler için 32 basamaklı hassasiyet (",2.574485029348446,2.3805296248548222,2.4547629793879175,True,False,-0.07423335453309532
tr,Anlaşmanın toplam bedeli 400 milyon $'ın üzerindedir.,2.205171639011783,2.171682973404487,1.9564320354757196,True,True,0.21525093792876726
tr,Ayrıca yakıt piyasasına bağımlılığı olmadığı için maliyet değişimlerinden etkilenmez.,1.7098771762893907,1.6424036628320036,1.428035655687457,False,True,0.21436800714454662
tr,Genel olarak Lopez tekrar dans etmek ve yenilenmeyi hissetmeyi iletmeyi hedeflemiştir.,2.073584526215577,1.9495852089029548,1.87566546829796,False,True,0.07391974060499473
tr,"Ancak bu düğme, çoğunlukla sadece fotoğraf çekebilmek için konulmuş, ikinci bir işlevi olmayan, basit yapılı bir düğmedir.",1.9182127190617964,1.7333089640997452,1.7168193905795173,False,False,0.01648957352022795
tr,Toplam işsiz ve cesareti kırılmış işçi sayısı %10.8'e eşittir.,2.5691188132749794,2.3839958580017147,2.290508054508702,True,False,0.09348780349301267
tr,"Böylece ""Her şey""in (Bütünlük'ün) sonsuz bir titreşim seviyesi vardır; neredeyse durur haldedir, bir tekerleğin çok büyük bir hızla döndürülmesinin tekerleği hareketsiz zannettirmesi gibi.",2.3492958521572307,2.157401854383152,2.195370382317634,False,True,-0.03796852793448213
tr,"'ta bir igloo yapmaya davet ederken ""Kar takım elbisesi giy!""",3.5617069963990784,3.1617034890729974,2.8729968566175845,False,False,0.28870663245541284
tr,"Phoenix'in bir başka hedefi, buz tabakasında yer alabilecek hayat izlerini araştırmak olacak.",2.1259886993365096,2.05246384738535,1.9608770407936866,False,False,0.09158680659166318
tr,Ereğli ilçesine 35 kilometre mesafede bulunan şelalede 7 tane taş bulunmaktadır.,2.217341590007238,2.080978185281406,1.958740832496547,True,True,0.12223735278485925
tr,"Hitler, öncelikle Bürgerbräukeller'teki konuşmasını Fransa'yla yapılacak yakın savaşı planlamaya adamak için iptal etmişti, ancak fikrini değiştirdi ve sonuçta katıldı.",2.150860736334164,2.045466055502533,2.010552071257127,False,True,0.03491398424540604
tr,"Fakat yanılmaktadır, Naruto bunu kendisi için de istemektedir.",2.030102167094555,1.8099056705786656,1.8023493534740898,False,True,0.007556317104575827
tr,İrili ufaklı birçok işe girip çıktı.,2.6080506730693718,2.5939880328590594,2.596067740036888,False,False,-0.0020797071778284604
tr,"İlginç bir şekilde, birçok Japonca yer adı ve soyadı birleştirilse bile ""kun"" olarak okunur (大阪 """,2.7445921956123667,2.683038523834763,2.642557654617277,False,True,0.04048086921748606
tr,"Grosse'a Miles piyano çalarken, Flora kaçar ve gole gider.",2.9773908891249037,3.1112253394597866,3.211704436760511,False,False,-0.10047909730072435
tr,Bu güvenlik ve gizliliği artırmak için yapılır.,1.5960512827327265,1.4147726256254813,1.3650636774608997,False,False,0.0497089481645816
tr,Edibe Atahan'a söyleyecekken kadın kalp krizinden ölür.,2.6960075038862255,2.850084893554006,2.602506727987548,False,True,0.24757816556645817
tr,"Danzhou şehri 17 kasaba, bir kurum, dört devlet çiftliği ile bir ekonomik kalkınma bölgesine ayrılmaktadır.",2.1388934491215874,2.018178851959893,1.979413401919369,True,True,0.03876545004052412
tr,"İşletme tarafından üretim kapasitesini doğrudan artırmaya yönelik olmayan, sadece kıymetli bir evrakı satınalmak amacıyla yapılan harcamalar ise mali yatırımlar olarak adlandırılır (Balçık, 2003, 4).",2.284366797115204,1.9352106462281853,1.9430962021149776,True,True,-0.007885555886792295
tr,'te bir tren garının zemininde gerçekleştirdiği fotoğraf eylemini sona erdirdi.,2.217850979688073,1.9129666027861585,1.7501192575788203,False,True,0.16284734520733823
tr,"Bu bilgiler Ulusal Güvenlik Arşivi'ndeki ABD, Paraguay, Arjantin, ve Şili dosyalarındaki belgelenmiş kanıtlara dayanır.""",2.381695890220788,2.158103389221137,2.2669657123486497,False,True,-0.10886232312751254
tr,İlk olarak 2008-2009 sezonunda Play-off finalinde Kasımpaşa'ya 2-1 ile kaybetti.,2.300617678825731,2.0041691197416975,2.135609591153587,True,True,-0.13144047141188953
tr,Baffins Çiftliği'nin kayıtları 1194 yılına kadar uzanmaktadır.,2.146151823117824,1.922973682493109,2.083396827954992,True,True,-0.1604231454618832
tr,"Bulardan benzerlik çıkarılarak, olasılık incelenen olaya uygun sonuç sayısının toplam tüm sonuçlar sayısına oranı olarak tanımlanmıştı.",1.9285653725663068,1.741270681398868,1.8158177551772823,False,True,-0.07454707377841419
tr,"Örneğin, bir kalemle aynı kesin konumu iki kez hedeflemek ya da dokunmak çok zordur; bu nedenle, bir kalemle ""çift tıklamayla"" işlemleri, fare sisteminden ""çift tıklama"" girişi bekliyorsa gerçekleştirmek daha zordur.",2.2366468459869275,2.1881380123095537,2.258360750958005,False,True,-0.07022273864845108
tr,Türkiye'deki voleybol hayatına geri döndü.,1.939138017085806,1.4130262257974966,1.3107008041048354,False,True,0.10232542169266123
tr,YÖK Denetleme Kurulu'nun vekaleten eski başkanı.,3.0058777855951937,3.059294894983179,2.89783483063076,False,False,0.16146006435241889
tr,Ulusal başında çok iyi yorumlar aldı ve bir aktör olmaya karar verdi.,1.764152353958622,1.5404381079226843,1.4137373293776072,False,False,0.1267007785450771
tr,Diğer ögeler genellikle ekranın alt kısmında görüntülenir.,1.9378336290756635,1.877361031080079,1.9050752598872116,False,True,-0.02771422880713259
tr,Hikâyede bir üniversite partisinde kimse tarafından dansa kaldırılmayan Edna'nın ümitsiz bir gevezelikle Bill isimli aptal bir delikanlıyı etkilemeye çalışması anlatılır.,2.32286979055389,2.18910479850395,2.1942660642356118,False,True,-0.005161265731661757
tr,Buna ilave olarak Merkez Bankası'nın ekonominin kalkınması hedefi sorgulanarak bunun fiyat istikrarı ile çelişkileri gündeme gelmiştir.,2.133658042440211,2.0674643885799875,1.9913561169967997,False,True,0.07610827158318778
tr,SüngerBob ve Patrick onu geri almalı ve Bay Krabs'ın hayatını Neptün'ün gazabından ve Bikini Kasabası'nı Plankton'un planından kurtarmalıdır.,2.8920059975937886,2.7965204547016826,2.808848791221988,False,True,-0.012328336520305516
tr,Ukiyo-e eski Japon kitaplarının içinde ve kapaklarında kullanılmaktaydı.,1.9876598686361346,1.9802080535602407,1.939284588601444,False,True,0.04092346495879662
tr,Tamikrest'in gelecekteki üyeleri burada ilk temel müzik eğitimlerini aldı.,2.072128428578567,1.9019421021074903,2.0655803565434123,False,True,-0.16363825443592206
tr,Sivri tepeli kemer şekilli giriş kapısı ve ön cephesi 14. yüzyıldan kalmıştır.,2.2741996523306014,2.2157217195250247,2.2079387339170475,True,False,0.007782985607977189
tr,Tony'nin Barrett'e olan bağımlılığı başlarda karının kocaya bağımlılığı gibi dursa da sonradan daha çok bir çocuğun annesine bağımlılığı gibi bir hale gelir.,2.041285368235405,1.8733800036874113,1.7818409968782003,False,False,0.09153900680921101
tr,"Milton, daha önce Vali'dan aldığı ""Andrea'ya göz kulak olması gerektiği"" talimatı gereği Andrea'nın bu isteğini Vali'ye bildirir.",2.3867542732495224,2.052080818434078,2.094320011491129,False,False,-0.04223919305705115
tr,Bir tam sayı kafesinin noktalarından kaçınarak en büyük sabit genişlikte şekli sağlar ve çevre-çap oranını maksimize eden dörtgen şekliyle yakından ilgilidir.,2.2383173296297523,2.0811667740930972,1.9567735528790298,False,True,0.12439322121406748
tr,"'nı, helikopterler Arçelik Tuzla Heliport'u merkez olarak kullanmaktadır.",2.6125890814093724,2.433967491183441,2.4702723780354146,False,True,-0.03630488685197353
tr,"Yeri, Şirince'nin bir kilometre uzağındaki Kayser dağının yamaçlarındadır ve toplam arazisi 22 dönüm dolayındadır.",2.3721074235914914,2.2643099662157957,2.322809383355357,True,True,-0.058499417139561416
tr,Senato veya imparator tarafından seçilir.,1.7094878944162193,1.6668389487246567,1.7260568012761428,False,False,-0.05921785255148615
tr,"Gürültüyü kontrol etmenin bir yolu, gürültü kaynağını daha sessiz hale getirmektir.",2.1852452377038154,2.0306851828212134,1.9659112096130529,False,True,0.06477397320816047
tr,"Dişi çulluk kök diplerinde,çalılar arasında toprağı yuva olacak biçimde çukurlaştırır.",2.7017007814129674,2.6504557395616173,2.583452627203184,False,True,0.06700311235843337
tr,Tiyatro Bölümünde eğitim gördü.,1.6717004314544959,1.4373571293628091,1.141550925479748,False,False,0.2958062038830611
tr,’ne karşı yapılmış dinsel bir harekettir.,1.7208363907539528,1.7367828842107538,1.7924684424237192,False,False,-0.05568555821296539
tr,"The Plays of Samuel Beckett (Seattle, University of Washington Press, 1974), s. 86-90 oluştururlar: B kendine güvenli ve proaktiftir, A ise harici bir tanrıya güvenmeyi tercih eder.",2.436071670465801,2.3033162438310506,2.1977732351592816,True,True,0.10554300867176902
tr,"Viyana Volksgarten'de, Hans Bitterlich tarafından yapılmış 4 Haziran 1907 tarihinde İmparatoriçe'ye adanmış, oturmuş bir heykelinin bulunduğu ayrıntılı bir anıt var.",2.3116035763138885,2.1168767130295447,2.164856938554803,True,True,-0.04798022552525838
tr,"Ayrıca, diğer suçlarla birlikte seçimlerde hileylede suçlandı.",2.0600700839499657,1.8995693661228934,1.7778712538686208,False,False,0.12169811225427263
tr,Pumalar geleneksel olarak 24 ile 32 kadar alt türe ayrılırlar.,2.1456089912740337,2.2364224700058966,2.1348888048874524,True,False,0.1015336651184442
tr,Tango güncellemesi ile donanım desteği genişletilmiş ve düşük donanımlı cihazlar için de destek sağlanmıştır.,1.9736798056232847,1.7937543830600031,1.6147363284548444,False,True,0.17901805460515874
tr,"Birinci Ulusal Gülden Turalı Keman Yarışması'na jüri üyesi olarak davet edildi, aynı zamanda Mersin Oda Orkestrası ile konser yaptı.",2.135660841185332,2.0471114897704843,1.9301109010097013,False,True,0.11700058876078301
tr,"Her sezon olumlu eleştiriler aldı, birçok eleştirmen özellikle Spader'in performansını övdü.",1.891496469141765,1.6794945427973604,1.4353262241489242,False,True,0.24416831864843624
tr,"Bunların hepsi, gelişiminde önemli bir rol oynadı.",1.6195005439023675,1.3420823574787943,1.212523928310421,False,False,0.12955842916837335
tr,"Belediye, Veltem-Beisem ve Winksele'nin eski belediyelerinden oluşur.",2.499800025443165,2.5699780669894765,2.393882455945074,False,True,0.1760956110444023
tr,Camadan bağı bağlandığında ilk adımda ip ipe bir kez daha dolanır.,2.6580020340294452,2.595222021074775,2.466596658537423,False,True,0.12862536253735213
tr,Aslında “Kızıl Tehlike” terimi Amerika Birleşik Devletleri yönetiminin komünizm korkusunu ifade etmektedir.,1.8375056502204188,1.8193377596880291,1.6722300679521476,False,False,0.14710769173588156
tr,Haftalar veya aylar sonra katılımcıların anıları test edildi.,1.8538025470418995,1.8552155121187688,1.777238090008756,False,True,0.07797742211001268
tr,"Bu oranlar, aynı dönemin diğer demografik özelliklerine kıyasla daha da küçük olduğunu ortaya koyuyor.",1.7606995781641845,1.6008298490724358,1.3875863228234435,False,True,0.21324352624899223
tr,"Garip özel yaşamıyla dikkat çekmiş, çeşitli erkekler ve kadınlarla egzantirik ilişkiler yaşamıştır.",2.0410797539635372,1.984108753521499,1.8095841715617138,False,False,0.17452458195978515
tr,Köyü hudutları içerisinde yer alan yarı bataklık bir göldür.,2.2118478288366465,2.229304936270639,2.12461732611496,False,False,0.10468761015567907
tr,Konser WM Entertainment ve dünya çapında konser düzenleyicisi CJ E&M konser şirketinin ortak çalışmasıyla düzenlendi.,2.0950877556776257,1.9503605888480142,1.818240228380117,False,True,0.13212036046789732
tr,"Bu sırada Jessie’nin dijital fotoğraf makinasına bakan Grinko, Jessie’nin Carlos’un kilise önündeyken çektiği fotoğrafı görmez.",2.43784358503861,2.2838523832478614,2.2083955111297566,False,False,0.07545687211810481
tr,"Normalin aksine, Amerikan liberalizmi büyük şirketlere karşı gelen bir politika izlemektedir ve bu şirketlerin kârı insanın önüne koyduğunu ve şirketin gereksinimine göre hükûmetin işleyişine müdahele edildiğini savunmaktadır.",1.870732517433171,1.780239592331035,1.7103777484538396,False,True,0.0698618438771954
tr,Daha sonra Suzuki-gun'ı (Taichi ve Taka Michinoku) yenip IWGP Junior Heavyweight Tag Team Championship kemerlerinin sahibi oldu.,2.934959993301476,2.7922852766014774,2.421049680494882,False,True,0.3712355961065956
tr,Şehrin kuru ve sıcak bir iklimi vardır.,1.8212135833786085,1.7839355870804312,1.8947038338840971,False,False,-0.11076824680366593
tr,'ye kaybedince Messi ödülü almak istemedi.,2.2074314643801434,2.221854841389508,1.989715954922431,False,False,0.2321388864670768
tr,"Bu hücreler, merkezi sinir sistemi hücrelerinin yaklaşık olarak %15'ini oluştururlar.",1.7695053371643867,1.6178238703739187,1.4521787561978254,True,True,0.1656451141760933
tr,Hakkında 2 kez ağırlaştırılmış müebbet ve 239 yıldan 524 yıla kadar hapis istendi.,2.585120010173478,2.4461311078112686,2.4823846196204813,True,True,-0.03625351180921266
tr,"Bu özel çizgeye Cayley çizgesi denir ve şöyle inşa edilir: grubunu üreten kümesi seçildikten sonra, nin her elemanına ile gösterilen bir renk atanır.",2.274802397038933,2.1634000524946377,2.1596691571771043,False,False,0.003730895317533456
tr,Prusya'nın ekonomik egemenliğinin birleşmeyi kaçınılmaz hale getirdiği ve askerî egemeliği getirerek siyasi önderlik rolünü de Prusya'ya verdiği savunulur.,2.1786865224498655,1.8487926824646268,1.8870359794577178,False,True,-0.038243296993091036
tr,Suriye'de pornografi yasa dışıdır ve çeşitli yasa ve düzenlemelere tabidir.,2.1474731372324665,1.8515753571136802,2.0895618355864825,False,True,-0.2379864784728023
tr,"Köy, Ağrı il merkezine 153 km, Doğubayazıt ilçe merkezine 56 km uzaklıktadır.",1.9551426614530596,1.7412272888531122,1.3798696903325482,True,True,0.3613575985205639
tr,Akakiyeviç'in hastalanıp ölmesine kadar giden bu hikâye aslında bitmemiştir.,2.3590803576253725,2.4175349467052474,2.219088159445818,False,True,0.19844678725942932
tr,"İstanbul, Kadıköy'deki evine çekildi.",2.2089540021591376,1.8126173401440029,1.9873900927069144,False,True,-0.17477275256291147
tr,"İmparator Jimmu adının, bu mitolojik kahramana öldükten sonra verildiği düşünülmektedir.",1.8302175731303045,1.6922437378437756,1.8213750832038043,False,True,-0.12913134536002868
tr,"Afrika yaban eşeğinin omuz yüksekliği 1,25 ila 1,45 m. ağırlığı 230–275 kg olur.",2.993414686379839,2.9123751703617806,2.8392464825927135,True,False,0.07312868776906711
tr,'na Unified Team adı altında yarışarak katılmış ve 3 madalya kazanmıştır.,1.9918829077856404,2.040114503287805,1.6921465610132422,True,True,0.34796794227456296
tr,"'ya taşındı ve İstanbul'daki kurum ""Eksarh Vekilliği""ne dönüştürüldü.",2.2666953301185173,2.105812812990436,2.1954225747753533,False,True,-0.0896097617849172
tr,Şehrin nüfusu 26 Kasım 2009 tarihinde yapılan nüfus sayımına göre şehrin nüfusunun 19.506 olduğu tespit edilmiştir.,1.3941637666595037,1.063696042921519,0.7852076439279609,True,False,0.27848839899355804
tr,"'da yapılan zirvede onaylandığı için Lizbon Antlaşması olarak adlandırılan yeni AB Nitel Antlaşması, 250 sayfadan oluşmakta ve kabul edilmesi için tüm üye ülke parlamentolarında ve/veya referandum ile onaylanması gerekmektedir.",2.0951909906801545,1.8480729937908884,1.8251547184954482,True,True,0.022918275295440216
tr,"Banka, Japonya'nın ithalat ve ihracatında; ayrıca Japon şirketlerinin az gelişmiş yabancı ülkelere yaptığı yatırımlarda da büyük rol oynamaktadır.",1.8681334895961181,1.7570428242259946,1.6044000272554106,False,True,0.15264279697058392
tr,Bu durum Olaf Stapledon'un Odd John adlı romanında olduğu gibi doğal nedenlerden ya da A.E. Van Vogt'un romanı Slan da olduğu gibi kasıtlı denemelerle ortaya çıkabilir.,2.4626968620266703,2.2855515891384157,2.2626556955469685,False,True,0.02289589359144717
tr,"Bilim insanları bu üreme programıyla 2010 yılında kara ayaklı gelincik nüfusunun 1500 ulaşmasını, ve her kolonide en az 30 üreyen yetişkin olmasını umuyorlar.",2.389991161467143,2.2089177196834973,2.178119888622424,True,False,0.030797831061073477
tr,""" Devrim ilerledikçe, Girondinler, Marat ve Robespierre gibi Montagnard'ların radikal, şiddet içeren önerilerine giderek daha fazla karşı çıktılar.",2.5568466223932895,2.4224761496416396,2.3215688525681393,False,True,0.10090729707350032
tr,Sade bir mihrap ve basit bir minberi vardır.,2.4623933555474484,2.415756185688091,2.5338356519338094,False,False,-0.1180794662457183
tr,"Özetle, kültürel açıdan, yarattığı kriz ve tehditler ile küreselleşme toplumumuza ne getiriyor ve toplumdan ne götürüyor bu makalede bunlar tartışılmaktadır.",2.2501008337329425,2.0893854760287156,2.029667247885028,False,True,0.05971822814368766
tr,Dört yıl sonra Mexico City'de düzenlenen 1968 Yaz Olimpiyatları'nda Földi altınlara daha da yaklaştı ve vücut ağırlığını kaybetti.,2.1903308788447977,1.9896482253273253,1.8998417522995108,True,True,0.08980647302781453
tr,Yönetim Bilişim Sistemi (kısaca YBS; Alm.,3.294202998044874,3.3034802336114164,3.2485322680397517,False,False,0.0549479655716647
tr,"«STAN» sanat grubu yazarları, düşünürleri, sanatçıları, gazetecileri, eğitimcileri ve öğrencileri bir araya getiriyor.",2.0286648481844423,1.989203021388445,1.9317307782908928,False,True,0.05747224309755228
tr,"Evanesan dalgalar, sönümlenmeleri nedeniyle radyasyon kaynağının uzak bölgesine kadar ilerleyememektedir; bu dalgalar sönümlenmelerinden dolayı ancak radyasyon kaynağının birkaç dalga boyu kadar yakınındaki yakın bölgesinde var olabilmektedir.",1.937758232340273,1.7603336669674352,1.6677507483794736,False,True,0.09258291858796164
tr,Clarkson şarkıyı ABD'de birkaç programda canlı olarak seslendirdi.,1.9300193305060875,1.844029237189197,1.7394887563187524,False,True,0.10454048087044465
tr,"Antik Romalılara idaresi altında Pesaro Romalılra tarafından yapılan ""Via Flaminia"" yolu üzerinde önemli bir menzil mevki oldu ve sanatkarlar ve tüccarların yaşadığı önemli bir şehir haline geçti.",2.190017256488747,2.090157613263252,2.0528611308380253,False,False,0.03729648242522643
tr,"Hemen sonrasında İstanbul'da bir heykelin ""ahlaksızlık"" sebebiyle kaldırılması ve biranın yasaklanması tepki çekti.",1.9026315888574101,1.865624338323006,1.7868060890155326,False,True,0.07881824930747339
tr,"Majestelerinin hizmetindeki denizaltılar, HM Submarine (bazen kısaltılmış olarak HMSm veya HMS/M olarak söylenir).",2.768978153997636,2.7219653354780937,2.4479508274651613,False,True,0.27401450801293237
tr,Koordinatları; 8' 30 Kuzey enlemi ile 11' 30 Batı boylamıdır.,3.3910288394908914,3.1259218661086607,3.510649940959037,True,True,-0.3847280748503761
tr,Cennete girenlerin melekler tarafından Arapça selamlanacakları rivayet edilmektedir.,2.1232813295909576,1.8832810213860307,1.857090192197845,False,True,0.026190829188185605
tr,"Hayaların yapılması ve üremenin sağlanması, trans erkek için mümkün değildir.",1.8639359048066904,2.042966492898088,1.8060903251354425,False,False,0.23687616776264542
tr,'nı TBMM’deki kabulünden önce ilk defa burada okumuştur.,2.537163375825794,2.3917034669655193,2.2235971722946206,False,False,0.16810629467089866
tr,Bardas'ın ikinci kızı patrikios ve logothetis Simbatios ile evlendi.,2.9845879998341256,2.977902191729349,2.850814410488223,False,False,0.12708778124112596
tr,"'nün mezrasıyken 1960 yılının sonunda Türkoğlu Köyü köy statüsünü alınca, Türkoğlu Köyü'nün mezrası olmuştur.",2.572872464423605,2.1446436187545532,2.123935456682489,True,False,0.020708162072064162
tr,"Birim, önce Letonya'da ve sonra Belarus'ta yaklaşık 26.000 kişiyi öldürdü.",2.0980291075225863,2.06603589501661,1.9059308521600133,True,False,0.16010504285659666
tr,Ayrıca nükleonlar arasındaki kuvvetin türetilmiş kuantum renk dinamiği modelinin doğru bir şekilde inşa edilmesini zorlaştırır.,1.9704129701544875,1.758652108008318,1.8500225348107584,False,True,-0.09137042680244045
tr,Oluşan reseptör-hormon dimeri daha sonra çekirdeğe giderek saç proteinlerini sentezleyen genlerin ekspresyonunu baskılamaktadır.,2.5731237690120827,2.468973507404257,2.477247787384298,False,True,-0.008274279980041044
tr,Oyuncu UFLL ve APR örgütlerine ayrı ayrı çalışması için zorlanmaktadır.,2.1090441911956606,2.139411435387075,1.8654644748480615,False,True,0.27394696053901324
tr,"Metan üretmek için kanalizasyon kullanımı, depolama alanlarına atılan atık miktarını, nakliye ve bertaraf maliyetlerini azaltır ve daha fazla yakalanabildiğinden, daha fazla miktarda gazı atmosferden uzak tutar.",1.9760372019672494,1.8815389007339218,1.764970747356062,False,True,0.11656815337785975
tr,"O sırada Lilly Vali'ye çok kızgındır çünkü Lilly bir önceki bölümde Vali'ye ""Bunu yapmayalım.",2.767746805818947,2.7859924818410358,2.556958311625524,False,False,0.22903417021551187
tr,Bölümü'nde okumaya başladı ve iki buçuk yıl sonra başarısız olduğu gerekçesiyle üniversiteden atıldı.,1.6450864905486575,1.5020603765123426,1.4442164736070904,False,True,0.05784390290525221
tr,Anaç koyun ise koçun dişi versiyonudur.,2.6311526693494196,2.651971100443302,2.947347863647159,False,True,-0.29537676320385664
tr,Bu sistemde birçok parti seçime katılabilme ve hatta parlamentoya girebilme imkânına sahip olsalar da politik yaşam iki parti ekseninde işler.,2.193454971744857,1.9378072592450837,1.7806063993616972,False,True,0.1572008598833865
tr,"Fars şiirlerindeki sevgi nesneleri sıkça mâsuk, mehbub veya habib isimleri ile tanımlanırdı; bunlar hepsi grameri cinsiyet ayrımı tanımayan bir dile geçen yabancı kökenli eril sözcüklerdir.",2.643977245451952,2.4368039462934568,2.4303469572357157,False,True,0.006456989057741058
tr,"'e) ""İsrail halkı sizin isminizi sorarlarsa onlara ne diyeyim?"" sorusunu sormasıyla aldığı yanıttır.",2.9863413504478045,2.895636515234987,2.9517720883930294,False,False,-0.056135573158042185
tr,İlçe turizm olayı mevcut değildir.,1.8749374845448126,1.8252509694696235,1.6017908253434407,False,False,0.22346014412618276
tr,"'a göre, 219 binin üzerinde satıldığı Şubat ayının en çok satan perakende oyunu oldu.",2.3681125993088217,2.1432289169566916,2.0297560757850728,True,False,0.11347284117161882
tr,"Sergiye gelen kişilerin odanın kötü şartlarında şikayet etmeleri sonucunda resim, sergilenmeye daha uygun bir odaya aktarıldı ve Salon'un kapanışından sonra birkaç hafta daha sergilendi.",1.9826261819908984,1.837445660600785,1.760635935243567,False,True,0.07680972535721797
tr,Aynı dönemler Karya iç bölgeleri de yoğun ve özgün üretim tarzları ile arkeolojinin dikkatini çekmiştir.,2.076311151475071,1.8633741704106415,1.7881413458245707,False,True,0.07523282458607072
tr,"Ünsiyet bir fert ile onun içtimai muhiti arasında veya fert ile onun uzvi garabeti, fersiz bozulmazlığın teminatı, mevcudiyetinin şimşek nâkiliyle arasında bir tavizdir.",3.092468524038453,3.1418138347838167,3.0954429741017515,False,True,0.046370860682065196
tr,'yla dövüşlerinde onu yenmek üzere iken yenilmiştir.,2.169335629194626,1.9512071126452166,1.8206508639328791,False,True,0.1305562487123375
tr,"Bombanın düğmesine basmadan önce Crachá Preto'nun lideri Álvaro Neves'le yüzleşen Max, düğmeye basar ve binayı havaya uçurur.",3.0063778128681022,2.9463001125795025,2.9857379729266893,False,False,-0.03943786034718677
tr,Bu sahnede yeni evli çift mutlu bir biçimde Pemberley’nin bahçesindedir.,2.185932701609401,2.1958465920439267,1.9868557625740624,False,True,0.20899082946986436
tr,Lucas ve Jackson adında iki oğlu var.,2.4190649532701136,2.118645224260473,2.091373048244748,False,False,0.02727217601572507
tr,"Bu araçlar makineli tüfek, su topu, sis ve göz yaşartıcı gaz silahları ile donaltılarak kalabalıkların denetlenmesi ve ayaklanmarın bastırılmasında kullanılmıştır.",2.0872633313916515,2.029350984161798,2.012456348153567,False,True,0.016894636008230712
tr,"İlk olarak Toros dört vites, Toros SW dört vites ve Toros beş vites, Toros SW beş vites olmak üzere ikişer sürümlü olarak üretildi.",3.0556183011381157,2.9077447411255672,2.6956279687008307,False,False,0.2121167724247366
tr,"Transseksüelliğe eğilim gösteren çocuklar, çoğunlukla çevrelerinin beklentilerine uymaya ve bedensel cinsiyetlerine uygun rolde yaşamaya çalışmaktalar.",2.12377269690986,1.9307189489045833,1.8440567825141925,False,True,0.08666216639039082
tr,Görevden alma kararı Mahkeme ve Parlamento tarafından yasa dışı ilan edildi.,2.0317510404605965,1.7620222063277753,1.7543528343306085,False,False,0.007669371997166774
tr,Penrose'a gelinceye kadar bu karo minimum sayısı altıya düşürülmüştü.,2.6443121528283187,2.455510660089773,2.6170762333416002,False,True,-0.1615655732518273
tr,'nin başkenti Santo Domingo'da yapılan şampiyonada toplamda 361 kilo kaldırdı.,2.2189045218957064,2.0582199556169707,2.032378286605424,True,False,0.02584166901154683
tr,"Ertesi gün eğitim başladığında onun sivil Topgun eğitmeni Charlotte Blackwood ""Charlie"" olduğunu öğrenir.",2.317714939739051,2.1037034152750205,2.005618737108561,False,True,0.0980846781664595
tr,Cihazlar ve veriler arasındaki senkronizasyon ilişkilerini oluşturmak ve yönetmek için kullanılabilir.,1.4408313500580212,1.3187202750449754,1.433629638333317,False,True,-0.11490936328834156
tr,'nın toplam alanı ile hemen hemen aynı büyüklüktedir.,1.8464699465194356,1.6945092356020515,1.6815069395342435,False,True,0.013002296067808006
tr,"Dawn başta bunu durdurmak için enerjinin içine atlamayı denesede buffy onu bırakmamış, onun yerine kendisi atlamıştır.",2.1810956557196097,2.0865222399250563,2.0602011594594547,False,False,0.026321080465601554
tr,"Cardiff Üniversitesi, Galler'in Cardiff şehrinde bulunan bir devlet araştırma üniversitesidir.",1.8669845681485016,1.6735530810695571,1.7573355554711516,False,True,-0.08378247440159448
tr,'yi kutlamak için 6 Ocak'ta siteye akın etmektedir.,2.237363263404052,2.1688496087194076,2.0969974797339526,True,False,0.07185212898545501
tr,Bu takımda da 17 maçta sadece 3 gol atabildi.,2.0474204976728236,1.6956441327753589,1.438892399793295,True,False,0.2567517329820639
tr,Bunu yaparken donanım hilelerini kullandılar.,2.1293708589195033,1.8586896677985485,1.8492461153946849,False,True,0.009443552403863631
tr,"Yazılım üzerinde web servisleri yazılımları çalışması yapılabilmekte ve verilerin başka ortamlara (Mobil veya kiosk ekranlarına) taşınması sağlanmaktadır Kıyak E., Yasar C., Altınoluk I., Ulugergerli E.,U., ve Çalık A., 2012.",2.7590183257425953,2.679869438135664,2.5997523338634854,True,True,0.08011710427217844
tr,"Don Pasquale bundan hiç memnun görünmez; ama sahte ""Safronia"" çok kuvvetle bu tutumuna itiraz edince razı olur.",2.8976975533768714,2.751839558559126,2.676421136847964,False,False,0.07541842171116198
tr,"Burada futbolu ile dikkat çeken Popa, genç millî takım kamplarında oynamaya başladı.",1.8705334892514527,1.6504821973504658,1.4672124343710973,False,False,0.18326976297936848
tr,Film dini vurguları da olan duygusal bir western olarak da tanımlanabilir.,1.8983076271433368,1.7044757132808022,1.8395234984580267,False,True,-0.1350477851772245
tr,"Filistinlilerin İsraili bir yahudi milli devleti olarak, bölünmez bir Kudüs’le birlikte tanımaları gerektiğini belirtti.",2.060376945579679,1.926880111811422,2.0058728292596957,False,True,-0.07899271744827363
tr,'na 4 km uzaklıktadır.,1.2143928873828091,1.2905789883730918,1.518328763514701,True,True,-0.2277497751416091
tr,"Zira bu organda meydana gelen örneğin akut bir pnömoni, akciğerlerden köpüklü sıvı gelmesine veya patolojik akciğer seslerinin duyulmasına neden olur.",2.521802338636103,2.195191475911245,2.2194478907656086,False,True,-0.024256414854363584
tr,"Çin ile Rusya arasındaki ticaret hacmi 2005 yılında 29,1 milyar dolara ulaştı ve bu 2004'e kıyasla %37,1 artış gösterdi.",2.331339279082127,2.0765336041370586,1.9337334925273248,True,False,0.14280011160973372
tr,Ancak Osmanlı kuvvetleri muharebede bozguna uğratılarak neredeyse tamamen yok edildi.,1.8943384403439933,1.6373861849813807,1.4046077470304996,False,False,0.23277843795088105
tr,"Buffy the Vampire Slayer dizisinden Sezon 3'ün sonunda ayrılmış, kefaret arayışı ile Los Angeles'a gelmiştir ve bu dizinin baş karakteri olmuştur.",2.170420866696644,2.0404170703196365,1.9697481963715024,True,False,0.07066887394813404
tr,"Yine de olayın takibinde aldığım haberlere göre Humeyni’nin evindeki kuyuya patlayıcı dökme olayı tamamen yalan olup Ayetullah-il uzma Shariatmadarinin gücünü elinden almak için bir bahaneymiş.""",3.0256512717735076,2.6957907064623807,2.7088253474200323,False,True,-0.013034640957651611
tr,"Andrea Redusio de Quero'nun Chronicon Tarvisinum eserinde yazdığına göre Timur, İzmir fethinden büyük gurur duymaktaydı, çünkü şehir, Osmanlı'nın çok sayıda çabasına direnmişti.",2.591803437677168,2.371794511752781,2.340476571514909,False,True,0.031317940237872044
tr,"Bir kaynağa göre, Kasım 1031'de Ruslar geri döndüler, ancak Bakü yakınlarında yenilip sürüldü.",2.1799399858554733,1.983578233026317,1.917115505014198,True,True,0.06646272801211905
tr,Saat 17.00'da başlayan törende ilk olarak kafilelerin resmî geçidi gerçekleştirildi.,2.1206853870389786,2.058908506638551,2.147115259971912,True,True,-0.08820675333336103
tr,'ya taşındı ve orada Day & Sons tarafından kiralandı.,2.201876094716494,2.0717952459520776,1.8661260092994691,False,False,0.2056692366526085
tr,"Shenzhen Şehir Hükûmeti, ülke çapındaki farklı ünlü üniversitelerle birlikte Nanshan semtindeki Xilijian (西丽建)'de, lisansüstü öğrencileri eğitmek ve bilimsel araştırmayı güçlendirmek için Shenzhen Üniversite Kenti'ni kurmuştur.",2.4719954442437837,2.3458001026233983,2.2890346761215206,False,True,0.05676542650187777
tr,'in aynı adı taşıyan 1977 albümünde yer almıştır.,1.6937598824776985,1.6570215264620922,1.614107534867632,True,False,0.0429139915944603
tr,Köklü bir yapıya sahip olan ve çok eski yıllara dayanan bu yönetim şekli farklı zaman dilimlerinde çağın değişmesi ile ayakta kalmak için gerektiğinde farklı biçimlere bürünmüştür.,1.7793760925015376,1.6782342091405384,1.6165455183581814,False,True,0.06168869078235706
tr,Asi nehrinin içinde şehrin kuzeyinde büyük bir ada bulunmaktaydı.,1.5732500938843004,1.6458582088923452,1.6328432289592694,False,True,0.013014979933075876
tr,Ancak bugün de çeşitli teodise girişimlerinin olduğu görülmekte.,1.9108004469020112,1.874010341571349,1.7801595042474438,False,True,0.09385083732390509
tr,Maliye Müfettişliği ve Maliye Başmüfettişliği görevlerinden sonra 2000-2001 yıllarında Maliye Teftiş Kurulu Başkan yardımcılığı görevini yürütmüştür.,2.129511600348561,1.8213226524826838,1.4946908538275778,True,True,0.32663179865510594
tr,"Dalga boyunun kırılma indisine etki etmesinden dolayı, kullandığımız ışımanın dalga boyunu da belirtmeliyiz.",2.436848624379984,2.286032626246719,2.1594935855060293,False,True,0.12653904074068967
tr,"Lee, karısı Robin’den ayrıldıktan sonra ünlülerin hayatına dalıverir.",2.284837671854654,2.152313776958124,2.0042514559353197,False,False,0.14806232102280426
tr,Thomas adasından Fransız-Yahudi bir ailesinden Rachel Manzano-Pomié idi.,2.8376090230053075,2.7538444818187404,2.577629304935224,False,True,0.1762151768835163
tr,Aşağıbosup ve Yukarıbosup olarak ikiye ayrıldı.,3.0377171794389266,2.840354475512791,2.5671939725269897,False,False,0.2731605029858013
tr,"Ne mürettebat ne de uçağın haberleşme sistemleri, uçak kaybolmadan önce bir tehlike sinyali, kötü hava durumu belirtileri veya teknik problem bildirmedi.",2.154523460087726,2.0344707428317683,1.911618273098056,False,False,0.12285246973371233
tr,Dobroshi'nin bir rol için günde sekiz saat veya daha fazla prova yaptığı bilinen güçlü bir iş ahlakı vardır.,2.1139036544379435,2.051702408247989,2.0391957541417662,False,True,0.012506654106222648
tr,"'ya geri gönderildiler; örneğin, 1583-1591 tarihleri arasında hükümdarlık yapan Petru Şchiopul, William Harborne önderliğindeki İngiliz tüccarları tercih etmekteydi.",2.318549851978231,2.120280494195575,1.9459035132999354,True,True,0.17437698089563947
tr,"Almanya'nın performansında Jamie-Lee sahnede mavi Japon Decora Kei kıyafeti giymiş, dört vokalist eşlik etmiştir.",2.470032548921936,2.314398218850365,2.406234878550337,False,True,-0.09183665969997179
tr,"Çocukluğunda çoğunlukla erkeklerle oyun oynadığı için kendini ""erkek gibi kız"" olarak tanımlamıştır.",1.689788597779886,1.6491955156687523,1.5260176314953988,False,True,0.12317788417335351
tr,Emeus cinsi ise doğu moası olarak adlandırılır ve sadece Güney Adası'nın doğusunda rastlanır.,2.2466026645566908,1.8487910731648847,1.9019747246549152,False,True,-0.05318365149003057
tr,"Mao Zedung ile başlayan günümüz Çin Halk Cumhuriyeti'nde, Çin Tıbbı'nın hurafelerden arındırılmış gelişimi için önü açılmış ve üniversitelerde bölümler oluşturulmuştur.",2.1025684964433218,2.219042621220562,1.9744966269638071,False,True,0.24454599425675494
tr,"Dişeti çekilmesini sınıflamak için birçok öneri yapılmıştır, Miller sınıflama sistemi Miller PD Jr.",2.0731412825646403,2.170675533177474,2.0927245205014144,False,True,0.07795101267605942
tr,Almanya-Türkiye ilişkilerini geliştirmekte önemli katkıları olmuştur.,1.4390742459162384,1.385129794198568,1.2914732708112686,False,True,0.09365652338729946
tr,Derinliklerinde garip ve harika yaratıklar barındıran bu mağaralar sistemi aynı zamanda şu anki insanlığın üretemediği kalıntılar ile de doludur.,2.157552265919624,1.9990985902361842,1.869594391359765,False,True,0.12950419887641917
tr,Ailesinin altı çocuğundan en küçük ikinci çocuğu olan Recepova'nın ailesi fakir bir hayat sürüyordu.,2.091437411878029,1.879934687176812,1.9164553290946198,False,True,-0.036520641917807906
tr,"Avrupa'nın Osmanlı ile, başı çekinme ve merak; ortası takdir ve özenme; sonu ise oryantalizm olan münasebetlerinde Osmanlı’nın Avrupa’ya önemli tesirleri olmuştur.",2.4230569571608,2.3941131327391445,2.3016208966627163,False,True,0.0924922360764282
tr,"Örneğin bir rengin, tonun veya dokunun aynılığına dair yargılar veya renk, ton ya da dokuda eşik farklılıkları vs.",2.429440301851768,2.281527230150742,2.269427499920885,False,True,0.012099730229857109
tr,"Çok sıcak ve susuz bir mevsimde gelen ordu, yeterli içme suyu temin edilemediği için büyük zorluklar çekti ve ordu içinde dizanteri (veya bazı kaynaklara göre veba) salgını çıktı.",2.308177536771,2.1860382404253405,2.181614204576586,False,False,0.004424035848754393
tr,Bu tarihten sonra Maçaheli bölgesini gezen Gürcü tarihçi Zakaria Çiçinadze de köyü “Kvabis tavi” (ქვაბის თავი) olarak not etmiştir.,3.2228633198596293,3.162900453354878,2.9105114729343566,False,False,0.2523889804205215
tr,"'a giderek SPD'nin sürgün organizasyonu olan ""Sopade"" örgütünü kurdu.",2.15863173162022,2.140237489352259,1.9977929275681983,False,True,0.14244456178406084
tr,Rulo şeklinde yapılması en ayırt edici özelliğidir.,2.205908959504713,2.1807406479532783,2.149967289515878,False,True,0.030773358437400145
tr,"Bu reseptöre bağlanan HDL'nin KE'si, ama proteini değil, karaciğer tarafından seçici olarak alınır.",2.4882590815018744,2.432679572050049,2.190963432189975,False,False,0.241716139860074
tr,"Sonra 1930 Bafraspor 1982'de Samsun ve Bölge Şampiyonluğunu kazanmış,finallerde ise 4.olmuştur.",2.356402863221485,2.5287854310751,2.5145755365302116,True,True,0.014209894544888524
tr,Ankara Gölbaşı ilçesinde de TOKİ'nin yaptırdığı ve halen faaliyetine devam eden Erdem Bayazıt Anadolu Lisesi mevcuttur.,2.239853064178254,2.1218792029238385,2.0188730605670737,False,False,0.10300614235676475
tr,"Özellikle, Tokugawa dönemi süresince devam eden kiracılık sistemini yasallaştırmışlardır.",2.094661488483185,1.9635290740941154,1.9457469546610122,False,True,0.01778211943310315
tr,"' (Eğer cümle olumlu olsaydı ölmek eyleminden sonra ""-müş"" eki kullanılırdı.",3.049511669227625,2.868554686683721,2.761269246694724,False,True,0.10728543998899687
tr,"Hortlağın pençesi: Çatışmada 4 saniye kalıp hasar verirsen can çalar, ilave can kazanır ve ilave hasar kazanırsın.",3.0609166639734644,3.0020671320307826,3.021730031135035,True,False,-0.01966289910425223
tr,Yüksek Büyücülük Kulesi'ne gidip sınavı vermek istiyordur.,2.2095554903854233,2.249553781162685,2.526868634876911,False,False,-0.27731485371422604
tr,"Örneğin ""Black Museum""da Kelly ile Yorkie'nin elbiseleri müzede sergilenir ve Saint Juniper's adında bir hastane bulunur.",2.4822376668823547,2.1456206368668878,2.1715010823809617,False,False,-0.02588044551407398
tr,"Reich Güvenlik Merkez Özel Hareket Komutanlığı ""Eichmann"" (",2.3897513081886688,2.3490030688924017,2.423528884266285,False,False,-0.07452581537388347
tr,Evanescence için Hazırlanan Stresli Direk-İşlenmiş CMOS Teknolojisi (SPECTER) DARPA ve SRI tarafından araştırılıyor.,2.8620266884589936,2.7973757935114714,3.005133375805203,False,True,-0.20775758229373142
tr,"M2 modülünün PCB'si 75 konumlu kenar konnektörü sağlar; modül tipine bağlı olarak, bir veya daha fazla anahtarlama çentiği sunmak için belirli pim konumları çıkarılır.",2.5382720923724933,2.439684430005895,2.417955781551286,True,False,0.02172864845460909
tr,Mevcut binaların Enerji Kimlik Belgelerini ise bina kategorisinde yetkili bir Enerji Verimliliği Danışmanlığı firmasına bağlı çalışan EKB Uzmanları düzenleyebilmektedirler.,2.0859937883901556,2.1211665905897883,2.169923676085872,False,True,-0.04875708549608371
tr,"Soğanbüklü Bektaş Ağa, Avşarlı Cafer Efe, Kırgöz İbrahim ve arkadaşları tarafından tutulan Balya Boğazı’nda ateşle karşılaşan Yunanlar geri döndüler.",2.6034437602280245,2.462772481746684,2.3281478014078063,False,False,0.13462468033887776
tr,Fakat White Nehri'ni kanallaştırmak nehrin fazla kumlu olması dolayısıyla mümkün olmadı.,1.9734775599284413,1.9777614661168361,1.8965783582074596,False,True,0.08118310790937655
tr,"Ereğli ve Amasra arkeoloji Müzesi'nden Bazı Eserler), Konya, 2010.",2.9199454725817815,2.802653099340927,2.8694080779985476,True,False,-0.0667549786576207
tr,Ödüller 48 kişilik bir Jüri topluluğunca oylanarak verilmektedir.,2.075030345004849,2.078384778012805,2.2025793497269235,True,True,-0.1241945717141184
tr,Fakat 12 gün süren kuşatmadan sonra 2 Ekim 1187 günü güneş doğumunda İbelinli Balian ve Selahaddin karşı karşıya gelip şehrin teslimi için müzakerelere girdiler ve Kudüs teslim oldu.,2.37280536552202,2.2439071091452076,2.077049879604637,True,True,0.1668572295405708
tr,Romanos askeri meselelerle uğraşmayı da ordu komutanlarına bırakmayı tercih etti.,2.1278041221383357,1.9652420265167787,1.5639533803882235,False,True,0.4012886461285552
tr,Ortadaki büyük meydanda Pazar yeri kurulur ve Hacı Emin Ağa’nın yaptırdığı büyük saat burada yer alır.,2.1061847924292794,2.216935688688075,2.1949774781409435,False,False,0.02195821054713143
tr,Film San Sebastian Festivalinin resmi bölümünde gösterildi.,1.9886978560254496,1.8598183685006426,1.7983931366425623,False,True,0.061425231858080354
tr,'ın ardından en çok şampiyonluk kazanmış ekiptir.,1.5412648196805596,1.6794820754236368,1.5410541478125588,False,False,0.13842792761107803
tr,Yunanistan'da tepeli pelikanlar özellikle turist taşıyan tekneler tarafından o kadar çok rahatsız edilmektedir ki bu nedenle beslenememekte ve açlıktan ölmektedirler.,2.0558416723657285,1.8042137611434192,1.687870542030633,False,True,0.11634321911278622
tr,"Odak noktası ülkenin karakteristik özelliklerine dayanarak, o ülkenin politikası ve ekonomisidir.",1.8503481155180919,1.5561116043091556,1.533288481663456,False,True,0.022823122645699634
tr,Eserin adı Kaplan Postlu ya da Kaplan Postlu Adam olmasına karşın iki çeviride de Kaplan Postlu Şövalye adı kullanılmıştır.,2.5563788823622735,2.4988151573616926,2.415542888736084,False,True,0.08327226862560844
tr,Banyo yapmayı hiç sevmez.,3.047814095658997,3.1101990295152335,2.868981561024408,False,False,0.24121746849082548
tr,Tanrı ile İsrail arasındaki ilişki için evlilik metaforu kullanan ilk peygamber Hoşea'dır.,2.2848800665230518,2.134643280019185,2.146896730166566,False,False,-0.012253450147380995
tr,Atemoya (Annona cherimola × squamosa) için ilk kez melezleme USDA Miami tropik laboratuvarında çalışan P.J.Wester tarafından yapılmıştır.,3.0058376776742968,2.8583278090789603,2.861613923961533,False,True,-0.003286114882572466
tr,"Amerikalı basketbolcu Brian Lynch ile evlenen Clijsters,bir kız çocuğu dünyaya getirmiştir.",2.3635374114498955,2.195205937309891,2.1068134349721794,False,True,0.08839250233771168
tr,"'da doğdu, o zamanlar Müslüman Arapların yönetiminde olan Kartaca'nın yerlilerindendi.",1.9339913561288886,1.7950456947922624,1.6089097020245176,False,True,0.18613599276774484
tr,Dünya Gümrük Örgütü bünyesinde imzalanan bazı uluslararası sözleşmelere Türkiye de taraf olmuştur.,1.879541369476283,1.7823236280904242,1.9620207744330986,False,True,-0.17969714634267442
tr,"İki kategori, saldırı sırasında içki ve diğer uyuşturucu kullanım miktarları bakımından yaklaşık aynıydı.",1.9858663544293607,1.7547615456851007,1.686923177259695,False,False,0.06783836842540558
tr,Yazılım için bir dağıtım platformu olarak bir uygulama mağazasının genel konsepti 1990'lı yıllara kadar uzanıyor.,1.7864616392908048,1.7783466650649988,1.765942479733548,True,False,0.012404185331450934
tr,"P7'nin, P7PT8, P7M13, P7K3, P7M10 ve üretime geçmeyen P7M7 olmak üzere birçok modeli üretildi.",3.52374634939403,3.4047831908284367,3.2091861271753266,True,False,0.19559706365311014
tr,Yerine geçen oğlu da babasının Hân Cihan lakabını aldı.,2.5464734044752375,2.460087599980654,2.4278501891449245,False,False,0.03223741083572973
tr,•PTT şubesi yoktur ancak PTT acentesi vardır.,3.2367347851767394,3.2666818998462834,2.5731767853451,False,False,0.6935051145011832
tr,"Adam, yaklaşan tutuklama hakkında bilgi sahibi olmak gibi önceki döngüler hakkında bilgi sahibi olan tek karakterdir ve bu bilgi, sonraki döngülerde başka eylemler gerçekleştirmek için kullanılabilir.",1.6724312798578704,1.5476878446875277,1.4628978856675716,False,True,0.08478995901995612
tr,Aynı bölümde ryhorn'dan düşüp yaralandı.,2.6916320447269673,2.9102084702646613,2.7913249343236957,False,False,0.11888353594096568
tr,Harvard Üniversitesi 13 ayrı okulan oluşmaktadır.,1.966219035627077,1.8257247846210245,1.9033824636877725,True,True,-0.07765767906674803
tr,Aromatik çiçeklenmeler bazen citronella ile karşılaştırılır.,2.371572413439821,2.4534546504339554,2.446887867889325,False,True,0.0065667825446302786
tr,O sırada Bull'un akıllı kartlarla ilgili 1.200 patenti vardı.,2.571436307410614,2.2777169243696407,2.2524886006884417,True,False,0.025228323681198983
tr,"Kurtuluş savaşında 1921'de Yunan işgaline ve ağır bir yıkıma uğrayan Çan, işgalden 23 Eylül 1922’de kurtuldu.",2.295726587665297,2.158629773251541,2.1089854989022365,True,False,0.04964427434930441
tr,Şampiyonada gol kralı oldu.,2.147541268224261,2.169028289244058,1.7725870514323774,False,False,0.3964412378116806
tr,Yasa 200: Eğer bir kişi kendisiyle aynı sınıftaki bir kişinin dişine zarar verirse onun da dişi çekilir.,2.297511057017435,2.1744288720671516,2.439217528229473,True,False,-0.26478865616232117
tr,'nın Çankaya ilçesinde Metin Oktay ismini taşıyan birer mahalle bulunmaktadır.,2.048051400835871,2.006824468657518,1.794931253888034,False,True,0.21189321476948408
tr,"""Tanrı'ya şükr olsun meyhane kapısı açık.",3.5545974417880304,3.4098610359227113,3.578075923629018,False,False,-0.16821488770630655
tr,Hollanda Cumhuriyeti'nin seçilmiş kralı William Oranj'in komutanlığındaki Hollanda ordusu İngiltere'nin güneyinde karaya çıkmış ve Londra üzerine yürüyerek İngiltere'yi istila etmiştir.,1.8917759021146248,1.7033863578610153,1.5486686643675058,False,True,0.1547176934935095
tr,Maskot ilk kez kamuoyuna ve seyirciye 1969 yılında gösterilmiş tanıtılmıştır.,2.03888632357128,1.884691511961156,1.7333357723122294,True,True,0.15135573964892668
tr,"Şimdiye kadarki bulgular ışığında, İstanbul Barosu'na kayıtlı olduğu bilinmekte.",2.0930557327587676,2.144003771334721,2.0819004539244923,False,False,0.06210331741022879
tr,"Trablusgarp Vali ve Kumandanı Müşir İbrahim Paşa, bu işin Trablusgarp'ın İtalyanlara tesliminden başka bir şey olmadığını ısrarla ifade etmişse de asker nakliyatını engelleyememişti.",2.6357230291652836,2.4328673760522195,2.245753138966508,False,True,0.1871142370857113
tr,'nin kuruluşundan itibaren 90. ve ulusal ligdeki 39. sezonudur.,2.0356000702589703,1.868361904785514,1.6544632982891199,True,True,0.21389860649639414
tr,Turlar geçtikçe yıllar da geçer.,2.2863391116662592,2.3067116970206833,2.4274275912905865,False,False,-0.12071589426990315
tr,'in arasında yer aldı.,1.280168863561353,1.2732924288893595,1.280193629063077,False,False,-0.006901200173717648
tr,"Jüri üyeleri ise Avrasya Sirki kurucusu Servet Yalçın, Yönetmen Ezel Akay, Pakize Suda, Neco ve Levent Kırca'dır.",3.1073903564739815,3.056268181608668,3.0314719764553852,False,False,0.024796205153282624
tr,PSI sinklotron yüksek enerji ulaşır fakat daha yüksek bir manyetik alan kullanılarak daha küçüktür.,2.0370221741610366,1.799895026736017,1.7019260039818025,False,True,0.09796902275421449
tr,"Sidi Darghut Mosque veya Jama Sidi Darghut Libya, Trablus'ta bir camidir.",3.2262553079063268,3.2134299015899623,3.1344043011510387,False,False,0.0790256004389236
tr,"Ardından birçok şiir, çocuk kitabı yazmıştır.",1.6371943184233084,1.6140730306613646,1.3325145201188493,False,False,0.28155851054251535
tr,Arnavutluk'ta komünist rejime tehdit oluşturan cuma namazları daha sonra yasaklandı.,2.2077593371875883,1.9913684188146499,2.113198889173957,False,True,-0.12183047035930694
tr,"Nitekim her önemli adımın atılışında imparator, imparatorluk kurulunda bir araya gelen vasalların görüşünü almak durumundaydı.",2.0416856425048984,1.9768472622776305,1.8745925640332592,False,True,0.10225469824437128
tr,En az yirmi yedi kişi öldü ve altı kişi yaralandı.,2.4825465532515154,2.1925197589065224,1.7111228645885628,False,False,0.4813968943179596
tr,Daha sonra anlaşma 4 yıla çıkarılmıştır.,1.7041830338207862,1.4079351491274177,1.4531290353606652,True,True,-0.04519388623324749
tr,Tahıl ana tarım ürünüdür.,3.2044802362246574,2.98107805365367,2.920300972370915,False,False,0.06077708128275505
tr,Kişi ya da aile adının sonunda kullanılan bir takıdır.,1.8587358575801571,1.8530268841038944,1.7933139073485278,False,False,0.059712976755366576
tr,Çocukluğu boyunca Zarema memleketindeki belediye binasında grubun baş şarkıcısı olarak hem rutin performanslar hem de tatiller ve özel günler için sahne aldı.,2.1648829615876237,2.007777402769685,1.9730813329019148,False,True,0.034696069867770296
tr,"Ayrıca MAOI moklobemid, kısa vadede sosyal fobinin tedavisinde iyi çalışır.",2.9599895660711697,2.7540616675116634,2.7989248807813665,False,False,-0.044863213269703106
tr,"Bu tasarım tarzı, yüzyıllar sonra batıdaki ifadeler ve birkaç günümüze ulaşan dini nakışlar ile benzerlik göstermez görünmektedir.",1.8767456008322887,1.701236796243063,1.6657641955681013,False,True,0.03547260067496172
tr,Bu dönemde süperstrat gitarların da popülerliği ciddi biçimde azalmış ve sonuçta birçok süperstrat üreticisi ya iflas etmiş ya da başka ürünlere yönelmeye mecbur kalmışlardır.,2.292966009708451,2.069702385020265,2.0300675759981512,False,True,0.03963480902211369
tr,Ermenistan Savunma Bakanlığı gece yarısı açıklama yaparak Martakert bölgesinin sınır hattının 3-4 saatliğine Azerbaycan kontrolüne geçtiğini açıklarken devam eden çatışmalar sonrasında bölgede kontrolün tekrar sağlandığını açıkladı.,1.9041420250505454,1.710059665554195,1.6752967901916065,True,True,0.0347628753625886
tr,"Nick Cave de bir yandan yeni bir grup kurmak için Mick Harvey'e teklif getirdi ve günümüzde de hâlâ aktif olan ""Nick Cave And The Bad Seeds"" grubu da bu dönemde kurulmuş oldu.",2.2629967507431186,2.1635027234271735,2.0525857960583576,False,False,0.11091692736881598
tr,Rusya'nın en güney noktası Bazardüzü Dağı'nın zirvesine yakın bir noktada yer almaktadır.,1.974992505072479,1.8431810878904562,1.7934058537903952,False,False,0.04977523410006102
tr,"'nın yazıtlarından Aratta olarak alınan bölge içinde bulunan Hahhum kenti (Sümerce: Ḫaḫḫum, Hititçe: Ḫaḫḫa), Sümer yazıtlarında altın kaynağı olarak kaydedilmiştir.",3.1881644004094487,3.0467414781106585,3.0561609741523292,False,True,-0.009419496041670694
tr,"'e farklı renk seçenekleri eklenmiş, 64-bitlik Apple A7 işlemci, parmak izi okuyucu ve çift LED flaş kullanılmıştır. iPhone 5s yüksek performansıyla dikkat çekmiştir.",2.6284753044070928,2.426875222586692,2.2575109591809666,True,True,0.16936426340572552
tr,"Yine haritanın çeşitli yerlerine gizlenmiş kutuların açılmasıyla para, tecrübe puanı, çeşitli zırhlar ve cephane; otomobillerin bagajlarının açılması ile sadece para kazanılır.",2.108520078763481,1.9494324655253916,2.0034802736248256,False,True,-0.05404780809943399
tr,Köyün eski adı Camili köydür.,2.364337684111893,2.3205596149898655,1.7480555116305068,False,False,0.5725041033593588
tr,Özellikle ilkbaharda yemek faaliyetleri düzenleniyor.,1.8690073684136577,1.6129093533961452,1.5878631759856927,False,True,0.025046177410452453
tr,"'in ""La Gitanilla"" (The Little Gypsy Girl) isimli romanında, Gitanilla'ya âşık olan karakterin adı Don Juan de Cárcamo'dur, muhtemelen Don Juan efsanesiyle ilişkilidir.",2.8381057864095944,2.672107301395373,2.4464770052234988,False,True,0.22563029617187436
tr,"'nin merkezî güneyinde bulunan bir kent ve yerel idare bakımından bir ""birleştirilmiş belediye""dir.",1.82454022315633,1.82688953368434,1.524774407668006,False,True,0.30211512601633395
tr,"Direnişin ilk yılında ağırlıklı olarak silah, giysi ve yakıt depoları, iletişim, fabrikalar ve ulaşım hatlarının kundaklaması ve yıkımı da dahil olmak üzere eylemler, gerçekleştirildi.",1.9585484532197561,1.7532590137569535,1.6998297864694913,False,True,0.05342922728746213
tr,"Buna ek olarak, Finlandiya ayrıca tren vagonları da üretmektedir.",2.360371284716212,1.8909192691393761,1.7108270421665013,False,True,0.18009222697287486
tr,Aynı sene ikinci solo albümü As Hard As Iron yayınlandı.,2.559758203048033,2.5293175876382223,2.1056040876039743,False,False,0.423713500034248
tr,"Karşıyaka Köyü'nün en mühim üretim faaliyeti, tarımdır.",2.5946827949586964,2.7029483305718465,2.4292164193233785,False,False,0.27373191124846796
tr,İyi bir romancı olup İtalyan karşıtı olan bir Berberi milliyetçisi gazetenin editörüdür.,2.165153638824035,2.2026621506190045,2.0143493567141264,False,True,0.1883127939048781
tr,'ya karşı 90 dakika boyunca toplam 2 kez forma giydi.,1.9435384834010792,1.5571504887157008,1.378762439567424,True,False,0.17838804914827677
tr,"Dünya Sinema Reklamcıları Derneği SAWA, dünya çapında sinema reklamcılığıyla ilgilenen firmaların oluşturduğu ticari bir topluluktur.",2.1345199476129886,1.9104684659674551,1.983385824294583,False,True,-0.07291735832712787
tr,Bu sünme veya reptation olarak adlandırılır.,2.019613335045774,1.8069599823093805,1.8428435432743624,False,True,-0.03588356096498191
tr,"Nüfusu, 30 Haziran 2006 itibarıyla yaklaşık 333 olarak tespit edilmiştir.",1.385765771432894,1.1559545584808337,0.8338650037197094,True,False,0.32208955476112433
tr,"Sonuçta, AB doğru parçası, CD ile dik olmak için onu kesmek zordunda değildir, çünkü iki doğru parçası sonsuza kadar uzatıldığında, aralarındaki açılar yine benzer olacaktır.",2.0957575790148066,1.957950314187258,2.0171643614997494,False,True,-0.05921404731249136
tr,Beckett'ın erken dönem eserleri arkadaşı James Joyce'un eserlerinin yoğun etkisi altındadır.,2.140484976983622,1.907479538104014,1.7047856530910548,False,False,0.20269388501295915
tr,"Stanley Jefferson, ilk tiyatro gösterisini dokuz yaşında tamamladı ve 16 yaşında Glasgow'daki Hubima Animatografisinde ilk profesyonel çıkışını yaptı.",2.255090969414951,2.06691820437564,1.9180719626747942,True,True,0.1488462417008456
tr,"Duvarlar 5,52 kilometre uzunluğunda ve düz alanı çevreleyen hat boyunca günümüzde hala mevcut olan 41 yapı vardır.",2.0588096135353315,1.9956513149970088,1.8615292060493855,True,False,0.13412210894762322
tr,"Hüküm sürdüğü dönemde, küçük bir kent devletçiği olan Pergamon'un çevresine tutunmasına, komşu kentlerle dostluğun gelişmesine çalışmıştır.",1.9592398813792637,1.9010462985308363,1.839134745598156,False,True,0.06191155293268036
tr,"Köy; Bolu il merkezine 74 km, Gerede ilçe merkezine 24 km uzaklıktadır.",1.8570101134785806,1.4091439009913096,1.1505851072474294,True,True,0.25855879374388024
tr,"Bunun yanında, uşağı Joseph'in kızarkadaşı olan ve evin vekilharçlığını yapan Pepi Pleiniğer'de de gözü vardır.",2.805292159550489,2.800300928195049,2.8000664421350723,False,True,0.00023448605997655747
tr,"Henry, ayrıca ligde attığı 174 golle bu alandaki rekorunda sahibidir.",2.3475554008339388,1.9438769365223505,2.0290874017533573,True,False,-0.08521046523100684
tr,Uzun bir aradan sonra Michael'in ekranlarda göründüğü ilk geceydi bu.,2.2277649048556896,2.202308327702378,2.229884045596881,False,False,-0.027575717894503082
tr,"Daha sonra Hollanda Televizyonu ""Nederlandse Omroep Stichting"" bu kitabı çok sevdi ki Sihirli Pabuçlar'ı Yalvaç Ural'a 10 bölümlük, bilgisayar animasyonla yapılmış, bir TV Çizgi Film Dizisi yaptırdı.",2.8486726388526655,2.6976708807750502,2.8326400033808725,True,True,-0.13496912260582228
tr,Eğer Barrett hedefine ulaşırsa Cena serbest kalacaktı.,2.448157800496172,2.4039635375283326,2.1853086726483957,False,False,0.2186548648799369
tr,Ben tarafından dövülen ve bıçaklanan Jinx daha sonra Bizans Şövalyeleri tarafından neredeyse öldürülecektir ama son dakikada Glory tarafından kurtarılır.,2.008217023858167,1.9383455742200695,1.9252941190747381,False,True,0.013051455145331348
tr,Ardından 10 Şubat 2001 Cumartesi akşamından itibaren kaldığı yerden devam ederek 4 bölüm daha yayınlandı ve 3 Mart 2001 Cumartesi yayımlanan 70. bölümüyle sona erdi.,2.1652009370098106,1.8232953823941318,1.856259956006488,True,False,-0.032964573612356274
tr,Albüm Williams için yeni bir çağı müjdeliyordu.,2.3039623719408,2.3479099013014775,2.29243724123098,False,True,0.05547266007049734
tr,"Yüzölçümü 181.4 km² olan köyün nüfusu 2011 yılı itibarı ile 9,614'tür.",1.4525804680122696,1.2236360004840874,1.090348845337278,True,False,0.13328715514680933
tr,Yine en dikkat çekici gelişmelerden biri ise Feeder Clubs yani büyük kulüplerin küçük kulüplerle anlaşarak onlara oyuncularını vermesini ve bu sayede o oyuncuların gelişmesini sağlanabilmesiydi.,1.8438694136130231,1.7843476539840493,1.7005045065170217,False,True,0.08384314746702759
tr,"'ın ilk kız, ikinci ve son çocuğu olarak doğdu.",1.8094232783521786,1.7215595204732805,1.6224084265631558,False,False,0.09915109391012478
tr,'un transferiyle de 3. seçenek durumuna düştü.,2.1949791811280024,2.076321631996751,2.070942541603331,True,True,0.005379090393419883
tr,İspanyolca şarkı Sanz tarafından yayınlanmıştır.,1.595871971515027,1.503982413326032,1.4415322416175298,False,True,0.0624501717085022
tr,Should've Said No için bir video klip çekilmemiştir.,2.6093495421776507,2.5209808324193004,2.408105179005022,False,True,0.11287565341427852
tr,Menüler ve ayarlarda kolay gezinme özelliği ve sistem kontrolü bulundu.,2.231474894944942,2.2904332993831265,2.14133336061965,False,False,0.14909993876347638
tr,"Çocukların birçoğu çatışma sırasında veya kötü muameleden, hastalıktan ve açlıktan hayatını kaybetmektedir.",1.9374149837895587,1.8453678307348842,1.6100930164634382,False,True,0.23527481427144603
tr,Çocuk oyuncu olarak henüz iki yaşında oyunculuk kariyerine başladı.,1.4829075791821384,1.397366565030452,1.234950115273212,False,False,0.16241644975724
tr,"Bu antlaşma ; uluslararası anlaşmazlıkları güç kullanmadan çözmek, saldırı durumunda askeri destek vermek ve imzacı ülkelerin savunma kapasitelerini geliştirmek gibi 14 ana maddeden oluşuyordu.",1.9413799919937031,1.7187902723772466,1.691969999953242,True,True,0.026820272424004532
tr,"Bondage, bağlama anlamına gelen ve genellikle bağlamada ip kullanılan uyarılma durumudur.",2.0415307429223435,1.8644450534178272,1.904265656513707,False,False,-0.03982060309587987
tr,Bu tepede kurulan yeni Romalı ordugah kampı ile daha önce yapılan korunaklı ordugah kampı arasını 4 m kadar genişlikte ve kenarları duvarla korunaklı bir yol-hendekle birleştirdi.,2.4754015423395352,2.4444306008252257,2.3080434973147543,True,True,0.13638710351047134
tr,"Yatay kesitleri genellikle daire veya elipse benzeyen batolitler, yerin derin kısımlarına doğru gittikçe genişleyerek, dipsiz bir şekilde devam ederler.",2.2205904929073643,2.1572414545738035,1.9914689196306523,False,True,0.16577253494315114
tr,Ege ve Marmara'daki ticaret ve imtiyazlarına aksi tesir yapacağını bilerek Cenevizliler Konstantinopolis'te taht naibi olan IV.,2.7196677713891755,2.3292934672761816,2.3427829264966062,False,True,-0.01348945922042466
tr,"Hareketin ismi ""beş yıldız"" da beş temel konuya referans vardır: Kamusal su, sürdürülebilir ulaşım, kalkınma, internet erişimi ve çevrecilik.",2.428463706973242,2.29587455915985,2.2669588399291283,False,True,0.02891571923072167
tr,Eyalet idari olarak 12 ilçeye ayrılmıştır.,1.9917617005532333,1.8367309396303535,1.696054186714592,True,True,0.14067675291576154
tr,"Winfrey, ayrıntıya girmeden ünlü bisikletçinin kariyeri boyunca doping yaptığını doğruladı.",2.492284760466791,2.326471471255733,2.1958723326944516,False,True,0.13059913856128125
tr,Gala günü bombalama ve hava saldırılarına rağmen filarmoni içindeki tüm avizeler yakıldı.,2.4794347113067556,2.327857855474533,2.325960512295521,False,True,0.0018973431790119122
tr,Ses kesilmesi larvaların öldüğünü ve peynirin tüketilmeye hazır olduğunu bildirir.,2.3752814830712876,2.079662419105247,1.9718549742312474,False,False,0.1078074448739994
tr,Pierre de Vaise'de bir kasabın oğlu olarak dünyaya geldi.,2.1309302315453125,1.8385898991381096,1.5835343616811863,False,False,0.2550555374569232
tr,"Earl'e erkek kardeşi Randy, Meksikalı otel hizmetçisi Catalina yardımcı olmaktadır.",2.4353133844687664,2.0969973688586907,2.1288599557913397,False,False,-0.031862586932648984
tr,Çünkü Lufthansa bu seferleri gerçekleştirecekti.,2.189100307209556,2.1484945434890435,2.0455502493693887,False,True,0.10294429411965478
tr,"I. Dünya Savaşı'nda 1,3 milyon, II.",2.2922609016862956,2.222105585872871,1.8370021869343374,True,False,0.38510339893853374
tr,Ancak Fransızlar Polonyalılara anlamlı bir yardımdan uzak şekilde hareket ederler.,1.8595610946111554,1.7139794631848542,1.6480287000202163,False,True,0.06595076316463788
tr,Mahalleye giriş yolu asfalttır.,2.8442896678747327,2.9577328640368585,3.094195250086368,False,False,-0.13646238604950955
tr,İki şarkının tek farkı sözleridir ve biraz da vokal anlamda birbirlerinden farklı bir melodiye sahiptirler.,1.9010276334084315,1.7398140010855159,1.7472597542746924,False,True,-0.007445753189176507
tr,Toplumu eylemli kılmak ve harekete geçirmek için edebiyatı bir araç olarak gördü.,1.7017552092696404,1.7181513137147066,1.785271997984045,False,False,-0.06712068426933837
tr,Bir tanık Coulibaly'nin Kouachi kardeşlerin arkadaşı olarak bilindiğini ve Buttes Chaumont grubu isminde aynı topluluğa üye olduklarını iddia etti.,2.357849048289265,2.356535212392987,2.2821365216365628,False,True,0.07439869075642402
tr,Çok cömert olduğunu tarihler yazarlar.,2.1732704271696477,2.3011096648422575,2.225455219936804,False,False,0.07565444490545348
tr,Bu kanal pornografik içerikler yayınlayarak televizyon camiasında var olmaya çalışmaktadır.,1.8039647284739504,1.6636642130826425,1.7398426571062087,False,True,-0.07617844402356622
tr,"'nın katılmadığı 1924-25 sezonu ile şampiyonluk yaşamaya başlayan Galatasaray, 1929'a kadar üst üste 4 kez şampiyon olmuştur.",1.8686379096413155,1.5653292629015325,1.3821554006599126,True,True,0.1831738622416199
tr,'nun 1937'de Çin'i işgal etmesinde kullanıldıktan sonra standart ve kullanışlı bir tüfek olduğu için Japon askerlerinin klasik mekineli tüfeği halina gelmiştir.,1.957122196829064,1.8209225340407293,1.72764345125652,True,True,0.09327908278420938
tr,"Diğer öncü isimleri Avnullah Kâzımî, Namık Hasan, Pertev, Tevfik, İbnil Tahir ve Hamid Suphi'dir.",3.335902299996473,3.270438037565649,3.3916944266155724,False,False,-0.1212563890499232
tr,'ya geri döndü ve Siena ekibi ile ilk 2010-11 sezonunda 3 kupa birden kazandı.,2.3137514473656036,1.976328835909853,1.8315631579546254,True,False,0.14476567795522755
tr,"'ın Tursunzoda şehrinde, 1950 yılında kuruldu.",2.2528770600384496,2.0535612577028894,1.8917674738236903,True,False,0.16179378387919918
tr,Yönetim Kurulu'ndan almaktadır.,1.5136509550513375,1.4413228773090545,1.2228227889975005,False,False,0.21850008831155399
tr,'yı 4 Haziran 2010 tarihinde Sony Music etiketiyle satışa sundu.,2.2544507822467255,1.941733532241985,1.822660153267998,True,False,0.11907337897398707
tr,Orvieto şehrinin komün nüfusu (30.9.2010 tahminleri itibarıyla) 11.933 kişidir ve nüfus yoğunluğu 144 kişi/km² olur.,2.3116394952031043,2.2576953875347323,1.9393473514559094,True,False,0.3183480360788229
tr,Begonvilleri rüzgardan korumak gerekir.,2.54520812319905,2.4553418222645256,2.5107505047889016,False,True,-0.05540868252437603
tr,Sovyet yetkilileri onu parti saflarında partisini yukarı taşıma konusunda Ho Ka-i'nin çok iyi olduğunu düşündüler.,2.1747621233126218,2.0341252756582837,1.9401476860853457,False,False,0.093977589572938
tr,Cesare ona âşık olmuştur.,2.8377302495708254,2.3979728338596504,2.3503430589281455,False,False,0.04762977493150489
tr,"Bu hasarın etiyolojisi büyük ölçüde farklılık gösterebilir, en yaygın neden iskemik inme gibi serebrovasküler bir olaydır.",2.5850179692228923,2.4120276062917307,2.1725260991634787,False,True,0.23950150712825202
tr,Albümde 12 şarkı bulunmaktadır ve bu şarkıların hepsi Yalın'a aittir.,1.962774036406274,1.6532395434524305,1.6271431515275894,True,True,0.026096391924841145
tr,"Ancak 8.10 (Intrepid Ibex) sürümü, resmî ana Ubuntu sürümü ile aynı sürüm tarihinde PS3'e taşındı.",3.0231723252293032,2.935067621393745,2.9735432604002496,True,False,-0.038475639006504636
tr,"Sevgili Bayım—Ryan's 4th Ward Polls'ta Edgar A. Poe adında, kötü durumda ve büyük sıkıntı içinde bir adam var & sizi tanıdığını söylüyor ve sizi temin ederim, acil yardıma ihtiyacı var.",3.0316941324897164,2.692601450625448,2.7529071338635265,True,True,-0.06030568323807861
tr,"Daha sonra, hukuki olarak asıl mesleğine dönerek; 1946-1957 yıllarında yine Adalet Bakanlığı’nda çalışmasını sürdürmüştür.",1.8295082848172883,1.6370192616053585,1.5897948726914464,True,True,0.04722438891391212
tr,"Enzim kaynağı olarak mikroorganizmalar; kolay çoğalabilmeleri, enzim oluşumunun kolay kontrol edilebilmesi gibi nedenlerden dolayı potansiyel kaynak olarak düşünülürler.",2.09774974834671,1.8128331723008597,1.6789777397396348,False,True,0.1338554325612249
tr,"Kulüp, 2015-2016 sezonu öncesi adını Sarıkamış Belediyespor olarak değiştirdi.",2.1880785431306675,2.0411197075797083,1.8586841340650868,True,True,0.18243557351462147
tr,"Witcherlar ve sahire Triss Merigold istilacılarla savaşır, ama büyücü Azar Jarved ve suikastçı Profesör, witcherların genetiklerini değiştiren mutajenik iksirler ve formüllerle kaçarlar.",2.915218635022827,2.7651906087961082,2.7364333143304855,False,True,0.028757294465622696
tr,"Oyun Sports Interactive tarafından geliştirildi, SEGA tarafından yayınlandı.",1.7149493129378728,1.541604380796957,1.4410145604371873,False,True,0.10058982035976971
tr,Bu iki bulgu otonom nöropati olduğunu düşündürmektedir.,2.1725868559799104,2.1766204879353466,2.292677329011585,False,True,-0.11605684107623837
tr,"Bu açlık grevlerinde özellikle Metris, Mamak ve Diyarbakır gibi cezaevleri ön plandaydı.",2.5969984422485966,2.3702448900968274,2.5205950452537698,False,False,-0.1503501551569424
tr,"Daha sonra Superman Doomsday'le birkaç kez daha karşılaşmıştır (Hunter Prey, The Doomsday Wars, Our Worlds at War, Infinite Crisis Battle of Metropolis bölümlerinde).",2.530127493056845,2.3471869233113543,2.460939634693549,False,True,-0.11375271138219478
tr,Küçük kubbeli kilise binası manastır kompleksinin merkezindedir.,2.024357342117566,1.8834173374809915,1.7072911853416666,False,True,0.17612615213932492
tr,Filmleri İspanya ve Latin Amerika'da her yerde bulunmuş ve birçok çağdaş aktörü etkilemiştir.,1.8136388146323783,1.676050000767003,1.609432791736489,False,True,0.06661720903051394
tr,"Gloucester tarafından gönderilen celladlar tarafından saldırıya uğradığında asilce yalvarır, ancak bıçaklanarak şarap içerisinde boğulur.",2.335888662956473,2.144281844479387,2.1863278439220464,False,True,-0.04204599944265919
tr,Bu en son açılan kanallarda müsabakalar dışında herhangi bir yayın bulunmamaktadır.,1.6978676327315223,1.478707487290432,1.5157363675377997,False,True,-0.037028880247367724
tr,Fiziksel yapıları ve bakımları alt türleriyle farklılık göstermez.,1.7275638592099005,1.619527294477475,1.3495912112160977,False,False,0.2699360832613773
tr,Türkiye'den Tel Abyad'a elektrik verilmeye başlandı.,2.0199017340149332,1.8990527312698462,2.0441004847605155,False,False,-0.14504775349066934
tr,"Ek: Sorun sovyet organları tarafından incelendikten sonra, 1. paragrafta belirtilen cumhuriyetler ile Rusya Fedarasyonu'nun arasında gerekli değişiklikleri yapın.",2.0445333999113107,2.041339376103385,2.0324552630322232,True,True,0.008884113071161881
tr,"Ayrıca Joyce Blau: ""Muhtemelen Gorani ve Zazaca'nın mazisi Kürtçe'nin kinden daha eskidir.",2.8682570718231735,2.7288191326645594,2.7471791084287913,False,False,-0.018359975764231873
tr,"""A Woman I Know"") 2004 yılında yayınlanan,basketbol oyuncusu ve onun fanı arasında geçenleri anlatan Güney Kore filmi.",2.3659288965023224,2.1373590859630607,2.0382819099072305,True,True,0.09907717605583022
tr,"Mach'ın politik tutumu, karakteri ve zihniyeti, Viyana Üniversitesinde yeni oluşturulan Felsefe, özellikle tümevarım bilimleri tarihi profesörlüğüne atanmasını birkaç yıl geciktirdi.",2.0902083455262312,1.8981668712790134,1.9430996413168928,False,True,-0.04493277003787943
tr,Bu durum 1842 yılının sonuna kadar devam etti.,1.6023840498580288,1.1620077623183505,1.1310306278022966,True,False,0.030977134516053884
tr,Hız ölçerler metal köprünün salınımı hakkında bilgi vermek amacıyla stratejik olarak köprü gövdesine yerleştirilirler.,1.9936449950758592,1.9284496152351849,1.7428074143102485,False,True,0.18564220092493633
tr,'in JR Kyoto ile Hankyu Railway'in Kyoto hatları hizmet vermektedir.,2.833668547767909,2.828516366288427,2.6890849166194615,False,True,0.1394314496689657
tr,Bu tehcirden kaçmaya muvaffak olanalar ise Uç Anadolu’ya doğru ilerlediler.,2.5798486732187182,2.322038931304361,2.124170538039898,False,True,0.19786839326446293
tr,"Türkiye'de devlet eliyle yerleştirilen tek yörük kasabasıdır, sebebine gelince Honamlılar, Antep'i Fransızlar işgal edince, Fransızları Antep'ten atmışlardır.",2.3001732804632433,2.206508941492032,2.142387232806872,False,True,0.06412170868515998
tr,"'a göre, “İnsan her şeyin ölçüsü”ydü.",2.846310699367051,2.735674079032637,2.43997456775514,False,False,0.2956995112774967
tr,"Bununla birlikte çok geniş, tarihi, kültürel, bilimsel ve felsefi temelleri olan ateizmi sadece ""Tanrı'nın ve dinlerin reddi"" olarak tanımlamak yetersiz bir açıklama olur.",1.995176396088132,1.7901307125332002,1.7425045409305098,False,False,0.04762617160269045
tr,'nin yerine Savunma Bakanlığına getirildi.,1.6704650880725413,1.3976383380853215,1.3482625829758066,False,False,0.04937575510951486
tr,'daki sürgünü sırasında Berthier'e planları hakkında bilgi verdi.,1.981552333355231,1.8826254110131124,1.8498438917408713,False,False,0.032781519272241155
tr,"Kişiler, Posta ve Takvim'i başlatmak için hamburger menüsünün altındaki bağlantılara sahiptir ve kullanıcılar, Kişiler'deki herhangi bir hesaba kaydetmek için Posta'daki e-posta adreslerini tıklayabilir.",2.1493218176157347,2.0037921757362716,1.9780584993650996,False,True,0.025733676371171965
tr,"'a 5-1 yenildiği maçta, Türkiye'nin tek golünü Baba Hakkı atmıştı.",2.281017870439455,2.175922445192066,2.000898442863778,True,False,0.17502400232828785
tr,Mesudiye Medresesi içinde öğrenim yapılan Anadolu’nun ilk üniversitesidir.,1.9647572473015995,1.9130367533628945,1.7733489037826156,False,True,0.1396878495802789
tr,Dean Martin program yapmaya devam etti.,1.883598019808101,1.6370769873723856,1.7003377098045545,False,False,-0.06326072243216885
tr,"Bu eylemde Kellermann, Mareşal Michel Ney tarafından Guiton'un cuirassier'in 770 askeriyle Anglo-Müttefik hattında önden hücum yapması emrini verdi.",2.8607771990740027,2.7203910438502557,2.7222443381299213,True,True,-0.0018532942796656293
tr,Bu talihsizliğe rağmen takımın en önemli 2. oyuncusu olmadan takım play-off serisi 3. maçını kazanarak seride 3-0 öne geçseler de sonraki 2 maçı kaybederek durum 3-2'ye kadar geldi.,2.283491505058855,2.111291740273726,1.9566339337282332,True,True,0.15465780654549266
tr,"Daha sonra 1952'de bu fikrini genişletir ve ""Dünya ve Hükümdarları"" adıyla kitabın ilk bölümünü oluşturur.",1.7474926858149278,1.6432571321756138,1.5450366894306862,True,True,0.09822044274492758
tr,Sonunda kendini kaybederek soyunur bir caddenin ortasında koşmaya başlar.,2.069995680091941,1.9286768851328058,2.0084641920842206,False,False,-0.07978730695141478
tr,"Bir diğer slow parça ise ""Tutsak"" olmuştur.",2.3307369020300865,2.3666038525979527,2.3293725480260057,False,False,0.03723130457194701
tr,"Yeminlerini etmeden önce AJ, ""evet"" kelimesini Bryan için söylemediğini açıkladı.",2.5675631899155,2.2915227465558607,2.454708744898362,False,True,-0.16318599834250147
tr,"Öyle ki, İngiliz sanat eleştirmeni George Vertue 'Canaletto' imzasıyla resimler yapan bu kişinin bir taklitçi olduğunu öne sürdü.",2.422475016915989,2.101842966565326,2.0037712410637902,False,False,0.09807172550153576
tr,'daki 30.000 kişilik Kızıl Muhafızlar'a Konstantin Yurenev başkanlık etmekteydi.,2.3462565917371236,2.072449204673877,1.9153232729826095,True,True,0.15712593169126765
tr,Aynı yılın sonbaharında Portrety serbest bırakıldı ve yayınlanmayan beş parça içeren geniş bir oyun çıktı.,2.047319331341838,1.899150137682161,1.8127316523508192,False,True,0.08641848533134167
tr,"O zamanın muhafazakâr politikacılarının çoğundan farklı olarak, Guçkov Rus soylularına ait değildi.",2.221922950998797,1.9949423947335456,1.8590680655224785,False,True,0.13587432921106712
tr,Grubun müzik tarihindeki tek top-10 şarkısı da Jump'tır.,2.3223581311043624,2.4837108300068107,2.402027543255461,True,False,0.08168328675134973
tr,"TyC Sports'un haberine göre Messi, 13 yaşındayken tedavi masraflarını üstlenip onu transfer eden kulübünden bir hukuk skandalıyla ayrılmak istemediği için Barcelona'da kalmaya karar verdi.",2.275393381986652,1.9724637449710813,1.9410816466262646,True,True,0.031382098344816756
tr,'da aşının acil kullanım onayı bulunmaktadır.,1.9086179960355698,1.9851357393967688,2.0809850505555767,False,True,-0.0958493111588079
tr,Blanc'ın 1972–1987 tarihli çalışması Prof.,2.5567292201824476,2.4532327166253065,2.4119561124956985,True,False,0.041276604129607986
tr,Bu yeni Peştuca konusan muhacirler şehrin istasyonu civarındaki semtinde çok konsantre olmuşlardır.,2.3178118917459685,2.372728566302756,2.2805236315231876,False,True,0.09220493477956859
tr,H. 28 Receb 1376 (m. 12 Mart 1956) günü Erzurum'da öldü.,3.0443378718423735,3.021925720367746,2.822269817878442,True,False,0.19965590248930365
tr,"Whitechapel Gallery'de düzenlenen ""Yeni Nesil"" adlı sergiye Caro'yla birlikte katılan sanatçı 1966 yılında New York'ta gerçekleştirilen ""Primary Structüres"" adlı gösteride de yer aldı.",2.048028754433412,1.9453569637031292,1.9192481454673411,True,True,0.026108818235788034
tr,"Ancak Namibya, bu dönemde Güney Batı Afrika olarak Güney Afrika yönetimi altında kaldı.",1.8103376632024568,1.6383547621830652,1.550501521303847,False,False,0.08785324087921809
tr,Çünkü harflere bakma gibi bir şans olmayacaktır.,2.1829238697001694,1.8949966648828864,1.8276827957291837,False,True,0.06731386915370274
tr,İdârî bakımdan İstanbul vilâyetinin Sarı Yer kazâsına bağlıydı.,3.120282610465144,2.9438462968755923,2.727840042992874,False,False,0.2160062538827181
tr,Nüveyi çevreleyen ışık topu şeklinde görülür.,2.2935323968416483,2.1544414429113647,1.9597648587414873,False,False,0.19467658416987743
tr,Bu dönüşüm ters yönde de olabilir.,2.011711296778504,1.8370814889536153,1.6292629212339038,False,False,0.20781856771971152
tr,'ın kişisel kaygıları nedeniyle başkalarına karşı kayıtsız olmuştur.,1.7155725850565537,1.437079931963402,1.6318417397680378,False,False,-0.1947618078046358
tr,"Ocağın kurucusu olan Hacı Murat Veli, Horasan’dan Anadolu’ya Akkoyunlu Aşireti’nin piri olarak gönderilmiştir.",2.5006346352464184,2.432485329204373,2.3145983678395914,False,True,0.1178869613647815
tr,Bölümlerden birinde Jack'in 1. sezon ilk bölümün başlangıç sahnesindeki kazanın hemen ardından ormanda uyanış sahnesi ve Vincent yanından geçerken gözüküyor.,2.112279388528421,2.1362671629355083,1.9638103798512223,True,True,0.17245678308428602
tr,'un çeşitli şubelerinin ve antrenman yaptığı tesislerdir.,2.143125295961417,2.0008001399527195,1.9707815052535413,False,True,0.030018634699178204
tr,Master derecesini Stanford Üniversitesinden doktorasını ise Antropoloji ve dinler tarihi alanında Stockholm Üniversitesi'nde tamamladı.,1.8280896278127305,1.941470465088979,1.7634008423808094,False,True,0.1780696227081695
tr,"Koy ve plaj, korunaklı oluşu, çam ve zeytin ağaçlarıyla çevrili güzel kumsalıyla, sadece gezi teknelerinin değil, özellikle yaz aylarında karayoluyla Fethiye - Hisarönü -",2.7524420455379524,2.5673283040520176,2.4926820243857963,False,True,0.07464627966622128
tr,Azerbaycan'da 50'den fazla Rusça gazete ve 10 Rus haber ajansı bulunmaktadır.,2.00416339678625,2.0327677629487075,1.83315090446677,True,True,0.19961685848193755
tr,Kontrol altına alınmadığı ve yoğunluğun çok fazla olduğu yerlerde ağaçları ve fidanları kurutabilirler.,1.9207989784622397,1.8518952142076996,1.8130599441107156,False,True,0.038835270096984065
tr,Mahallede sokakların adları genellikle G harfiyle başlar.,2.210535283689174,1.9486278625348967,1.9132397634235674,False,False,0.03538809911132934
tr,"Başka bir deyişle P(x, y)'nin doğru olduğu sonucuna ancak ve ancak P(y, x) doğru ise ulaşabiliyorsak, o halde genelliği kaybetmeden P(x, y) 'nin doğru olduğunu göstermemiz yeterlidir, zira bakışım gereği P(y, x) sonucumuzu takip edecektir.",2.7934484317989106,2.7728706846921556,2.6928337196679033,False,True,0.08003696502425228
tr,Henley Vize Kısıtlamaları Endeksi 2016 Raporu'na göre Fas vatandaşları sınır kapısında vize alarak veya vizesiz 59 ülkeye seyahat edebilirler.,2.626457851828031,2.4384295419568582,2.3747832416375103,True,True,0.06364630031934793
tr,"Daha sonra, havayolu şirketlerinin zaten çok fazla borcu olduğu ve her yıl ağır kayıplar geçirdiği ortaya çıktı.",1.797030975604067,1.6157923097900435,1.4593388217330998,False,True,0.1564534880569437
tr,'da helak edilen kavimlerden biri olarak bahsi geçen halk.,2.3990226787442746,2.2227365205837266,2.3349668717722865,False,False,-0.11223035118855984
tr,Dikkatli tasarımlar genellikle istenmeyen titreşimleri minimize ederler.,2.153040647395467,1.7696834969455422,1.6478333082001906,False,True,0.12185018874535158
tr,"Avusturya-Macaristan hükûmeti, Sırbistan ile Karadağ arasında güneydoğu yönündeki Mitrovitza'nın diğer tarafına uzanan Yeni Pazar Sancağının idaresini üstlenmek istemediği için Osmanlı yönetimi, oradaki görevlerini yerine getirmeye devam edecektir.",1.866778033670513,1.6958832082997741,1.6178389677103786,False,True,0.07804424058939552
tr,Oysa demir ancak uygun biçimde tasarlanmış fırınlarda ergitilebilir ve ergime sıcaklığı (1.538 °C) çok daha yüksektir.,2.2708547134758925,2.2952763192695644,2.1244843548818118,True,True,0.17079196438775268
tr,Yeni üyeler ACE olarak bilinen komünite gönüllüleri tarafından karşılanır.,1.9729857044907844,1.7136937632292555,1.5982761053387362,False,False,0.11541765789051928
tr,"Rüzgar türbini, Bilim Merkezi'nin yıllık elektrik ihtiyacının yaklaşık % 7'sini karşılar.",2.0224176459323764,2.035063339158484,1.9941805712108758,True,False,0.040882767947608256
tr,"Alüminyum hidrit kendiliğinden yanıcı değildir, ama lityum alüminyum hidrite benzer şekilde oldukça reaktiftir.",3.069613769798547,2.8947616621129426,2.7394666352770534,False,True,0.15529502683588925
tr,"Brodén, baş vokal, klavyeci ve ara sırada üçüncü gitarist iken 1999 yılında basçı Pär Sundström ile beraber Sabaton'u kurdu.",2.9412302343767878,2.8068565404737544,2.8824765140586313,True,False,-0.07561997358487682
tr,"İkinci şarkı ""Altın Sevdası"" ıklığ enstrümanın kullanımı ile dikkat çekmektedir.",2.201562738080137,2.1223437072560416,2.085273725885001,False,True,0.03706998137104067
tr,Bu yabancıları da Sovyet askerleri olduğu iddia edildi.,1.5078011863027903,1.4127443113791056,1.2892239146344242,False,False,0.1235203967446814
tr,"Ayrıca ACE inhibitörlerinin kullanımının, pnömoniye bağlı ölümleri azalttığı görülse de, ortaya çıkan sonuçların ortalama pnömoni riskinden daha az sağlam olduğunu ortaya koydu.",2.3117245969687956,2.0945455547420573,1.9631522317214225,False,True,0.13139332302063478
tr,Joseph Haydn'ın 98 numaralı senfonisi bu tonalitede yazılmış ilk senfoni olarak tanınır.,2.830309132484858,2.5302479638084803,2.385855875123783,True,False,0.14439208868469722
tr,"'nin Çal köyü, Çan (Yaykın köyü), Irbaalan, İlyasağa köyü, Havdan köyü.",3.550847674022551,3.6351876602587376,3.3942749744239853,False,False,0.24091268583475234
tr,Jammeh'in yetkilerini kullanarak olağanüstü hâl ilan etmesi sonrasında bu kararın Gambiya meclisi tarafından da onaylanması ile birlikte 90 günlük OHAL ilan edilmiştir.,2.0550258973804767,1.8738286562495607,1.7656671429544213,True,False,0.10816151329513946
tr,Odanın 3B modeli oluşturulduktan sonra binlerce küçük küp içeren bir ızgara veya ağ ile doldurulur.,2.474183030735193,2.1203359636149126,2.169280519982571,True,True,-0.048944556367658265
tr,'a yapılan oylamayla birlikte kaybetmekten kurtulamamıştır ve yapılan oylamada 2. sırada kalmıştır.,1.780125662295173,1.5768997350082303,1.4330875671845085,True,True,0.14381216782372186
tr,Ajan Hugo bir ışınlayıcıyla kaçarak R.I.S.K.'in (Risky Intelligent Spy Knights) gizli saklanma yerine gider.,2.8787031438607835,2.774553530407757,2.8393416986086053,False,True,-0.06478816820084843
tr,Tupac son yılında babasıyla görüşmüş olsa da gerçek babasını Mutulu Shakur olarak kabul ettiği bilinen bir gerçektir.,2.0546784788340853,1.9795286598768946,2.0216212446078763,False,False,-0.04209258473098165
tr,"Bisikletten farklı olarak sürücü sadece yanlara doğru değil, öne ve arkaya doğru düşmemek için de dengeyi sağlamak zorundadır.",1.9454147054855322,1.83220719868157,1.8204211599082367,False,False,0.011786038773333285
tr,Eyyubi hükümdarı Melik Eşref’in yardım için gönderdiği orduyu bozguna uğrattı.,2.6909981002156766,2.505582446158834,2.318011392317608,False,False,0.18757105384122585
tr,Ligin iki yarı finalisti Fenerbahçe ve Çukurova Gençlik ve Spor Genel Müdürlüğü Kupası'nda karşı karşıya geldi.,2.0860137378095875,1.8101215279146816,1.6279980920263983,False,False,0.18212343588828328
tr,Alcina büyük bir büyü gücüne sahiptir.,2.2411616281328928,1.863287345000852,2.077396749309465,False,False,-0.21410940430861292
tr,Duman severlerini tatmin etmenin en kolay yolu buydu.,2.66887274004494,2.6525195594866315,2.4878098128791546,False,False,0.16470974660747695
tr,"Tahran’a gitmek istediğini belirten Mehmet Gökşingöl, uçağın Esenboğa Havalimanı’na indirilmesinin ardından yaklaşık 40 dakika sonra teslim oldu.",2.2876095233063904,2.0962466045676362,2.0165680319121213,True,True,0.07967857265551492
tr,'ne taşınmış olan Ulusal Modern Sanat Müzesi'nin başındaydı.,1.784225835151823,1.6515168492237224,1.6808853961136172,False,False,-0.029368546889894764
tr,Böylece onlara bir baskın yaptı ve onların topladığı iaşe ve erzakların hepsini kaleye götürdü.,2.179827587650036,2.1615079956801297,1.9430700790968627,False,False,0.21843791658326706
tr,"Konserler beğeni alıp Diamond Lie, Seattle bölgesinde dikkat çekti.",2.5193150141894356,2.288683608593008,2.292183961369392,False,False,-0.0035003527763843856
tr,"’deki faaliyetlerine başlayacakları zaman ilk olarak yer aradıkları en ünlü cadde olan Abdi İpekçi Caddesi, 2009 yılı itibarıyla m² kira fiyatı olarak dünyanın en pahalı 25. caddesidir.",2.2871166306047197,2.1981890102388943,2.188278075403108,True,True,0.0099109348357862
tr,"Bu da işe yaramazsa, sorundan sorumlu tarafın tepkilerini tetikleyebilmek ve gerekli adımları atmasını sağlayabilmek için, konunun bütüncül bir öyküsü ile kamuay açılmak düşünmelidir.",2.0947989363530874,2.0940504678565324,1.9325715003675321,False,True,0.16147896748900026
tr,İstanbul’un Eyüp semtinde dünyaya geldiği için Eyyûbî Ali Rıza Bey namıyla şöhret buldu.,2.7450754891823603,2.6802577710965334,2.400111157629385,False,False,0.2801466134671484
tr,"Omega, daha önce altı yıldır Japonya'da yaşadıktan sonra kendisini gaijin olarak görmediği için Bullet Club'a katılma fikrini reddetmişti.",2.1760521073686245,1.895870226656132,1.8247991360836606,False,True,0.07107109057247141
tr,"Cümlede ifade edilen durum ile dilek eki uygun olmuyorsa, bu durumda da anlam kayması meydana gelir.",2.443738089466707,2.054008756053218,2.060285298655225,False,False,-0.006276542602007051
tr,Güçlü fiziği ve bitiriciliğiyle yaşıtlarına büyük üstünlük sağladı ve astronomik gol sayılarına ulaştı.,2.015743350273391,2.033560752902778,2.094327673979697,False,True,-0.06076692107691928
tr,Rosenblum ise yarışmayı sonuncu sırada tamamladı.,2.2648795392562238,2.157324836439072,1.9944726206830605,False,False,0.16285221575601128
tr,"Bu merkezler, üçgenin iç teğet çemberin merkezi ve dokuz nokta çemberinin merkezidir.",2.4327601578407756,2.4027999161476234,2.182170396647236,False,False,0.22062951950038734
tr,"Giresun iline 24 km, Keşap ilçesine 11 km uzaklıktadır.",1.7985240006984988,1.4450476652769662,1.282919325481195,True,True,0.16212833979577113
tr,"Bazı bitkilerin polenlerinin arılar için zararlı olduğu, arıların normalde bu polenlerden uzak durdukları, ancak aç kalmalarını gerektirecek kıtlık durumlarında bu bitkilere yönelebildikleri bilinmektedir.",2.0426758940227123,1.9497591511695507,1.8379342816968234,False,True,0.1118248694727273
tr,"Diyaspora'nın parçası olarak, çok sayıda Yahudi, gerek pagan gerekse Hristiyan dönemlerinde kendilerine büyük eziyetler eden Roma devletinin kontrolü dışındaki Arap Yarımadası'na yerleşmişti.",2.09150371885253,1.9489197823282096,1.812522291065626,False,True,0.1363974912625836
tr,Çünkü bazı bölümlerde verilen teknik ders içerikleri yetersiz ve kapsamı azdır.,1.935616855490911,1.7486807946870038,1.7836583510472401,False,False,-0.03497755636023636
tr,Saldırgan AOL çalışanı gibi görünerek anlık bir iletiyi potansiyel bir kurbana gönderiyordu.,2.457942374517208,2.0903735672247117,2.3338637194460037,False,True,-0.243490152221292
tr,"BMC daha çok, 4 silindirli, küçük, ekonomik sedan ve spor arabalar üzerine iş yaptı.",2.6224494731392305,2.361354914134943,2.35341389647357,True,False,0.007941017661373007
tr,"Bunu yaparken Mısırlıların heku dedikleri ve genellikle ""büyü"" olarak çevrilen bir gücü kullanıyorlardı.",2.070381268293962,1.8629529734331685,1.6814244140687093,False,True,0.1815285593644591
tr,"İlk olarak TV dizileri ve düşük bütçeli, bağımsız filmlerde yan rollerde boy gösterdi.",2.1298268224863697,2.0304065223537187,1.8631308982681793,False,False,0.1672756240855393
tr,"Ancak hakkında fazla bilgiye sahip olmadığımız Afşin Bey'in, zapt ettiği kentin adıyla lakaplandırılmış olması kuvvetle muhtemeldir.",2.14355882244365,2.018738873064944,1.9348862359486898,False,True,0.08385263711625401
tr,Ömrünün son 30 yılını sadece şiir yazarak geçirmiştir.,2.0769624543898733,2.0564804338689076,1.8628938602413663,True,True,0.19358657362754128
tr,ERA’nın işlerlik kazanması amacıyla bugüne kadar 7 adet çerçeve programı uygulandı.,2.247221102320338,2.02575711004689,2.017325701536591,True,False,0.008431408510298777
tr,SIT alanı 1891 yılında Avusturyalı arkeolojist Rudolf Heberdey tarafından bulundu.,2.3177881221688383,2.3187978385282944,2.409617674270438,True,False,-0.0908198357421437
tr,Uzun bir süre sonra (en az 70 yıl) bir avukat tarafından kurtarılıyor.,2.099254613583288,1.8757034444728558,1.812124859345239,True,True,0.06357858512761672
tr,"İrlanda'nın ünlü Hunky Dorys, buruşuk kesilmiş çıtır markasının 2010 ana sponsorluğunu takip etmektedir.",2.704390691737083,2.539531385376571,2.538381846786484,True,True,0.0011495385900870403
tr,Bu madalya aşırı savaş cesareti veya başarılı askeri liderliğinden dolayı verilmiştir.,1.8007148755445659,1.6520215380324716,1.519454305993059,False,True,0.13256723203941267
tr,"Uzun süren tartışmaların sonucunda Parlamento, 1909 yılında, yeni başkentin New South Wales eyaletinin güney kısmında kurulmasına karar verdi (şimdiki Kanberra).",2.066972122026429,1.8384597165447312,1.724262013384087,True,True,0.11419770316064426
tr,Bu filmde Afrika'daki deneyimlerini kullanarak 1950'lerin Batı Afrika'sında yaşayan fransız bir genç kızın duygusal çatışmalarını ve dönemin koloni hayatını anlattı.,1.7696276450190775,1.6221944690943886,1.6730624781031656,True,True,-0.05086800900877697
tr,"Oval Portre ilk defa, son hâlinden daha uzun bir versiyonuyla ve Life in Death (Ölüm İçinde Yaşam Poe, Edgar Allan.",2.828181772794922,2.63984611006177,2.578881035775063,False,True,0.060965074286706944
tr,"'dan) bazen Dünya atmosferinin incelenmesi için alternatif bir terim olarak kullanılır; diğer tanımlarda aeroloji, serbest atmosferle, yani gezegen sınır tabakasının üzerindeki bölge ile sınırlıdır.",1.9840871059010303,1.7415840873712747,1.696224639791111,False,True,0.04535944758016375
tr,"Claiborne, Norman'ın ölümüne sahte olduğuna ikna etti ve onları öldürmeye başladı.",2.1273881600371514,1.8499506211977361,1.7715763949405647,False,False,0.07837422625717139
tr,"Albert Bitran, 1954 yılında Paris’te Denise René galerisinde kişisel bir sergi açacak, sergi kataloğunun önsözünü Henri-Pierre Roché yazacaktı.",2.960853928747983,2.8782111437472446,2.7730760854829994,True,True,0.10513505826424518
tr,"Sivas iline 112, Zara ilçesine 42 km uzaklıktadır.",1.7754284591855263,1.5532747866139827,1.212044265324956,True,True,0.34123052128902676
tr,Bu rüzgâr ortaya çıktığında etkisi dünyanın birçok yerinde görülür.,1.5546077533244347,1.5064717112737205,1.5060162202812235,False,False,0.00045549099249697633
tr,'ın aynı adla yazdığı hikâyeden beyaz perdeye aktarılmıştır.,2.0618425082398457,2.069522610606979,1.8835305349436577,False,True,0.1859920756633211
zh,缺點是設備昂貴、使用壽命短以及一次治療區域小。,6.716740236369979,7.541706157408298,7.063719591379518,False,True,0.47798656602878076
zh,遊戲主角原為一名空軍飛行員，一天軍方偵測到有敵國飛機入侵領空，主角奉命前往攔截及擊墜，其間主角發現該目標為一民航客機，並向軍方本部回報，但本部並未有撤回擊墜命令，該客機隨後被空軍擊落。,6.9856723554089095,7.60035009619257,6.9724484651405545,False,True,0.6279016310520156
zh,对象之间不再直接交互，而是通过调解人进行交互。,5.792993442741294,6.020704893169285,5.217785772110372,False,True,0.8029191210589124
zh,，梅里迪安的面積為2.3平方千米，均為陸地。,3.8242533627867625,3.6438889654515036,3.2483492072848854,True,True,0.39553975816661824
zh,、仁德保、北仁寿保三个保，民国时期属东平四区 citation 东平县民政局 2005，第88-90页 。,5.294484327119068,5.029706258536319,4.631638832854658,True,True,0.39806742568166076
zh,分离主义者用“东突厥斯坦”代指整个新疆或他们希望在新疆建立的独立国家 citation citation citation 。,3.6314071376274715,3.81121534306984,3.5718209965136376,False,True,0.2393943465562023
zh,：2015區議會專題，2015年11月18日查閱 ，但有關宣傳單張及橫額不獲選委會批准發佈 citation citation ，另外他也「男扮女裝」以及請來「比堅尼女郎」助選 citation citation 。,4.118097095553554,4.3296798089185895,3.914706335549896,True,True,0.4149734733686934
zh,与其他交通卡相同，三套车卡的换乘通道时间（重新进站或者重新站内换乘）等于40分钟。,5.925648673417603,6.195898738571804,5.849693272732548,True,True,0.3462054658392564
zh,关于超价分子本质和分类方法的争论可追溯到20世纪20年代，,4.829962601312727,5.503304306318611,4.615072159403297,True,True,0.888232146915314
zh,，能有效降低风力对桥体的影响 citation ；11月19日，南主塔完成封顶 citation ；12月24日，北主塔完成封顶 citation 。,4.0248122919966205,4.018905937076632,3.911341397575987,True,True,0.1075645395006446
zh,，这种组合的仪器称为气相色谱法-质谱联用（GC-MS，简称气质联用），,7.457642260654296,7.675416629952169,7.394443757723374,False,True,0.2809728722287952
zh,在质询中，他作证称在内政部的工作中会应用法律、真诚对待科学 。,6.601503834434857,7.1558823422544835,7.373935017699818,False,True,-0.21805267544533447
zh,自由派锡安主义虽然与现代以色列任何一个政党无关，但它仍然是以色列政治的强烈趋势，它倡导自由市场原则和民主，并坚持人权。,5.773983168445523,6.048284031061645,5.648462800195328,False,True,0.3998212308663165
zh,」見孟廣函：〈抗戰時期國共合作紀實〉，刊《,8.105088300965893,9.001942678215519,8.099477288807561,False,True,0.9024653894079577
zh,成熟的菌體，長約convert，寬約convert。,3.52975990026218,3.4019794914357044,2.910601770195788,False,True,0.49137772123991663
zh,前楼二楼西侧第一间教室就是他少年时期的读书处。,6.460294841876635,7.295646680545459,6.919361023208495,False,True,0.37628565733696373
zh,：圣灵的思想（和圣灵的思想合流、找出干和枝）、圣灵的事实和《圣经》里的灵（摸着话语后面的灵）；下编说到读《圣经》的方法，包括读《圣经》的要诀：搜寻、背诵（《聖經·歌罗西书》3：16）、比较、默想；读圣经的实行（时间的安排、工具等）；以及28种读《圣经》的计划：主要的人（,7.082716592661293,7.626073642883508,7.143520593509019,True,True,0.48255304937448873
zh,隨後main主唱main說：「佛瑞和克莉絲汀在台上把我們大家搞得很尷尬」。,5.832930855649043,6.669147435155362,6.21912379988192,False,True,0.4500236352734417
zh,”欄目突然刊登一篇题为《关于要求习近平同志辞去党和国家领导职务的公开信》的文章，署名为「忠誠的共產黨員」，,6.792529754783493,7.193473647628384,6.694864807547567,False,True,0.4986088400808164
zh,系1997年并入浙江工业大学的原杭州船舶工业学校校址。,5.773165513785421,6.145909507824216,5.74803010194812,True,True,0.39787940587609594
zh,拉克坚出生于西藏安多牧区，20世纪90年代初期流亡印度，之后回到家乡，在青海地区筹备建立“西藏青年敢死队”，该组织的终结目标是实现“西藏复国（独立）”，这一组织被中国大陆政府发现之后，拉克坚（李科先）被中国大陆政府以反革命、分裂国家、达赖集团间谍三项罪名判处18年有期徒刑。,6.140708644216315,6.653792412692286,6.008515580416846,True,True,0.6452768322754396
zh,，康熙五十三年甲午科順天鄉試第227名舉人，康熙六十年辛丑科書經房會試中式146名，殿試成進士，年四十歲 《康熙六十年進士登科錄》 。,4.933912746323451,5.648750015268919,4.819223222240403,True,True,0.8295267930285162
zh,傳媒聯絡隊的角色為在協調傳媒在公眾活動現場的採訪事務，毋須與示威者接觸，故此於執勤時並不佩戴任何裝備。,6.112831959849102,7.076266281396216,6.556679281751011,False,True,0.5195869996452052
zh,临近50岁那年，出于渴望一类不同的文学赏析，霍普在一些挚友的热情鼓励下开始投入了一本小说的写作工作。,6.381610742292761,7.253196695175482,7.071647330631361,True,True,0.18154936454412063
zh,，先後在倫敦、紐約和加勒比海與安德魯王子發生三次性關係，並將相關文件提交佛羅里達州法院。,6.163701175297314,6.537805786874402,5.977973365230615,False,True,0.5598324216437867
zh,，但是在15世纪的维也纳天文学校中，“Bellatrix”逐渐成为了参宿五的代名词，并且出现在了main的现代印制版中 citation 。,4.464165314820365,4.562060901467119,4.669433885186862,True,True,-0.1073729837197428
zh,該把星型吉他原為有咲預定典當的物品，然后轉讓給香澄。,8.854822589831187,8.681415973577057,8.748970555004677,False,True,-0.06755458142762016
zh,截至2011年3月29日，機場內並沒有任何定期航班。,3.5564952275721287,3.4513904382544354,2.995376630489,True,True,0.45601380776543543
zh,本劇時代背景設定於2010-2011年，時間早於第一輯2014-2015年的故事劇情，故此劇是第一輯的前傳。,4.869758577882762,4.848380796669128,4.5943033593754965,True,True,0.2540774372936312
zh,出口入建在月台末端向角茂谷站方向，設有樓梯連接到橋底的正式出入口，出入口有連絡道連接鐵橋的側，可從沿橋邊近望月台，同時亦可連接至橋下的國道32號路面。,6.598590955225476,6.647982344968338,5.96987625949936,True,True,0.6781060854689782
zh,說著的同時會右手比通話的六手勢在右耳旁，左手會橫放在右手之上。,7.6560773719544795,8.295791607340421,7.8289887291319475,False,True,0.46680287820847344
zh,，也因為他在替代醫學領域無遠弗屆的影響力，,6.578421198584093,6.318203818052879,6.4340318194605866,False,True,-0.11582800140770733
zh,Quarterlife是一个有着20多部的实验性电视剧，这部剧原本只是想在网络上播放，但是它最后被NBC看重并且获得成功。,5.310212133554319,5.392590536221635,5.149563383487776,True,True,0.243027152733859
zh,腓特烈二世面临着严峻的形势：教皇的制裁损害了他的声望，,6.367060720983296,8.368447791127124,7.0498837345313055,False,True,1.318564056595819
zh,國際化意味着產品有適用於任何地方的「潜力」；在地化則是為了更適合於「特定」地方的使用，而另外增添的特色。,5.711166849183184,6.226827168900431,5.747329258275336,False,True,0.4794979106250947
zh,这样以来，双子座计划为飞行阿波罗号登月任务的大量宇航员提供了太空飞行经验。,6.2108929636597425,6.657241456408305,6.973583520269194,False,True,-0.3163420638608887
zh,"，生长于海拔2,400米至3,600米的地区，常生于冷杉林和杂木林中，目前尚未由人工引种栽培。",2.2962357647130367,2.3804689688322207,2.0644698806185056,True,True,0.31599908821371514
zh,主要研究方向为电分析化学基础理论与新方法；生物电化学与纳米电化学；生物/电化学传感器；微流控芯片分析系统等。,6.61180499484574,6.91516768176065,6.169839550886974,False,True,0.7453281308736761
zh,柯屈納起初在芝加哥的iO劇院受德爾·克洛斯訓練，並加入第二城喜劇團。,7.213451303770138,7.328054409895162,6.981842444749634,False,True,0.3462119651455282
zh,比如加入了西番蓮、石榴、葡萄以及牡丹花等圖案。,7.212031008797972,7.219957345210937,7.021010566415254,False,True,0.19894677879568334
zh,而「學生會」歷屆傳統活動則為歌唱比賽、班際足球比賽、班級閃避球比賽及復活節尋蛋活動，並在操場旁設有「民主牆」。,6.936276122954956,7.461368442227657,6.795722859296222,False,True,0.6656455829314352
zh,還有另一種搶婚（the Iye）則是追求未婚女子作為伴侶，必須在不同區域尋找對象，過程可能長達數月，其中引人注目的是搶婚過程男子常以舞蹈方式作為求婚手段，女子若默許則會與其共舞，如果魅力足夠，可能可以取回多位女子。,6.544889005731341,7.202034561804665,6.524334250794088,False,True,0.677700311010577
zh,在她1392年去世后，自1376年后兼任罗马国王的瓦茨劳斯国王（King Wenceslaus）占领了斯威德尼察公国，并获得了克西恩城堡。,5.350062247851581,5.608588927247767,5.089912209472531,True,True,0.5186767177752358
zh,中国在对越南送来的M48作行驶试验后发现零部件的可靠性、,7.307008716351522,7.6898943798979955,7.009424170345485,True,True,0.6804702095525101
zh,，對自己年齡稍大的也應如此，以示有禮 。,6.846992951310237,6.92163643557591,6.350352655589874,False,True,0.571283779986036
zh,塞尔尼后来建议一座新纪念碑：一俩四分之三被埋在地里的粉色坦克。,7.321777495207352,7.813122297693948,7.270678697913598,False,True,0.5424435997803494
zh,勳爵夫婦倆在1921年1月21日在契克斯用過最後一次晚餐後，便正式搬離了契克斯。,5.849693656247867,6.048988158795402,6.117903100308903,True,True,-0.06891494151350042
zh,，理由是「大學生活很無聊，在大學期間只交到一個朋友」，於是選擇退學。,5.758558742247821,6.105239915375224,5.479300114462187,False,True,0.625939800913037
zh,，一年四季都有花朵盛開，並依開花的植物種類分為八大花季主題 citation 。,5.401364248340136,5.541516853545112,5.32903985564075,False,True,0.21247699790436148
zh,除了從事配音工作之外，還有受邀前往聲優學校從事講師的工作以提攜後進新人。,6.325052023539226,6.41836069946507,5.964525815135065,False,True,0.4538348843300044
zh,"在 国家的伤害 (1995年) 温迪*布朗 声称，麦金农的企图禁止卖淫和色情制品问题不是主要保护，但reinscribes类别的""妇女""作为一个本质化身份的前提上的伤害。 citation 中 国家，棕色还有一个特麥金儂是 朝向一个女权主义理论的国家 (1989年)，为""深静的世界观和不民主的，也许甚至是反民主的，政治敏感性""，以及""平日""和""发展'的黎明的女权主义的第二次浪潮.",6.355970624483658,6.631232755463003,6.365175594578237,True,True,0.26605716088476594
zh,如果附近沒有那樣的地方，應儘早找到那樣的地方。,5.406054033458883,6.156955511248032,5.1400441104755545,False,True,1.0169114007724778
zh,尽管古城周围没有一颗胡杨或枯胡杨，但有很多由胡杨木所制成的木桶、木碗、木梳和取暖做饭的用具。,8.234091155427343,8.538937034561743,8.403576647473267,False,True,0.13536038708847542
zh,柳漢強則為廟佳桑拿之東主，其為2005年警方掃蕩賣淫場所之「驕陽行動」中廟街桑拿案之首被告 ，自此其後一眾夜場亦先後結業 。,8.398400071210723,8.907488634993538,8.827580013796915,True,True,0.07990862119662268
zh,氫碘酸為例，兩者均是強酸，在水中均會電離出100%的相應離子。,7.30142162865123,7.176838084296815,6.8321882916207635,True,True,0.34464979267605145
zh,唐家五兄弟皆為共產黨員且大哥二哥在1930年代就加入，唐秉琳、唐秉煜為老四老五，在接近1940年時才加入，並被有意交辦任務在國民黨中從軍任職，並爭取靠近江阴要塞的職位，此時唐秉煜已經在中華民國国防部第三厅分管要塞业务，唐秉琳則在要塞當上校。,7.426556944518005,7.505444869099478,7.087750690229628,True,True,0.4176941788698505
zh,制憲國民大會逝世代表傳略，國民大會秘書處，1990年 1917年夏，胡伯岳毕业于北京法政专科学校法律科，,6.123575482910916,6.85282304264756,6.327965116721816,True,True,0.524857925925744
zh,長崎市在1990年代之後發生過兩次市長被槍擊事件。,5.00925834255364,5.477585833732577,5.116591180342695,True,True,0.36099465338988157
zh,今我为天子，公为内史令，本同末异，乃不平矣。”,7.991919130494143,8.231874828422761,7.792167931512824,False,True,0.4397068969099367
zh,，2014年世界女子拳击锦标赛75公斤级比赛亚军。,4.81597947691753,5.510463413132718,4.681628535102098,True,True,0.8288348780306203
zh,这些微镜片在数字驱动信号的控制下能够迅速改变角度，一旦接收到相应信号，微镜片就会倾斜10°，从而使入射光的反射方向改变。,5.77515368800607,6.82090528240989,5.7512528586626095,True,True,1.0696524237472804
zh,天生樓樓高27層，每層設4伙單位，共提供100個單位，實用面積由422呎至843呎不等。,5.990590685141168,6.00819339227289,5.4310811322606,True,True,0.5771122600122904
zh,其办法为疯狂提高粮价，抢购市内存粮，逼人民出市。,8.178165683040413,9.35343028845678,8.7617817918512,False,True,0.591648496605579
zh,欲求不満の変態熟女が自慰絶頂姿を晒して萌える!,11.386476920832878,12.60046163605764,11.653094057228854,False,True,0.9473675788287856
zh,鄭女也是和平醫院佛堂委員會的委員，會拿自己的假來處理佛堂祈禱會、儀式及服務的事項，就在得SARS前，正積極籌辦四月底醫院佛堂朝山的事宜 。,7.552968564144799,7.854790057793389,7.484237142381746,False,True,0.37055291541164337
zh,楊孝博、王姮富、謝沛宸，〈從北迴線變身為東部幹線〉，《,8.294961864756859,9.52521764564885,7.938449495030694,False,True,1.5867681506181555
zh,康熙五十二年，復蒙恩將阿濟格第三子伯爾遜、第八子佟塞、第十子鄂拜、第十一子班進泰各支賜給紅帶子覺羅氏，部分歸入鑲紅旗，,8.40751727009593,8.613531756187392,8.318189756410028,False,True,0.29534199977736364
zh,歐卡米(Paul Okami)在1995年的一篇文獻回顧所得出的結論是，沒有可靠的證據，可將父母在孩子面前裸體連結到任何的負面影響sfn 。,5.491764502339695,5.857457404244717,5.255329071268061,True,True,0.6021283329766556
zh,然而，隨著領隊托尼·莫布雷和保羅·羅賓遜離隊後，,5.980301591449996,6.699410310538607,6.12688826594911,False,True,0.5725220445894967
zh,節目初期的直播和錄影存檔收錄在「麥卡貝遊戲頻道」和「麥卡貝精華頻道」YouTube頻道中，直到2017年2月16日開設「木曜4超玩」YouTube頻道，並於每週四晚上更新YouTube，此外不定期會在YouTube進行直播。,5.284085893706218,5.527355298560726,5.172788511381174,True,True,0.3545667871795528
zh,叶广卵形或椭圆形，长10—18cm，宽5—11cm。,6.256841964754879,7.35855497867737,6.463107000267899,True,True,0.8954479784094707
zh,目前使用或曾经使用PAL系统的国家和地区列表。,5.182258284025736,5.093802791172769,4.931330551592473,False,True,0.16247223958029622
zh,哈國興曰：「汝國僻在海裔，不知籓臣典禮，汝入貢當具表文，文首行書『緬甸王臣某奉表大皇帝陛下』，與安南、高麗各外籓等。,8.846719280355524,9.514261393016255,9.232053697014107,False,True,0.282207696002148
zh,船在2008年9月7日抵達位於長島的戴奇工作室，兩艘船被用繩子拴在25英尺高的紙雕上，紙雕呈現了姐妹相擁的樣子，是此次大型室內展覽的中心畫面。,6.715027594914321,6.633235397886383,6.7470607012803585,True,True,-0.11382530339397512
zh,光華路SOHO位於北京中央商務區，臨近中國國際貿易中心以及秀水市場。,6.173606537366847,6.1609806914846255,5.859027744125298,False,True,0.3019529473593279
zh,，葡萄牙最終以6比0大勝對手 citation 。,3.2772177848144923,3.340598207171662,3.0489861177363227,True,True,0.29161208943533934
zh,学术期刊展示了研究领域的成果，并起到了公示的作用 citation ，,4.130664632570064,4.075037340987258,3.7897950185599774,False,True,0.28524232242728065
zh,，當武田氏御親類眾穴山梅雪・木曾義昌叛變，加上武田信廉與武田信豊未戰先逃， 在這種情況下，他卻說出「我乃武田家譜代重臣，在武田家最後的戰鬥中臨陣脫逃的莫大的恥辱」（譜代の臣でありながら、武田家最後の戦いに臨めぬのは末代までの恥辱），「我等將成為守護武田家的盾牌來報答御恩」（御盾となり高思の萬分の一にも報いたい）。,8.425375553799658,8.784588044924382,8.564905574799647,False,True,0.2196824701247344
zh,格拉夫珠寶（Graff Diamonds）英國著名鑽石珠寶商，由勞倫斯·格拉夫（Laurence Graff）,4.854427510121864,5.053936033393165,4.595203858748581,False,True,0.4587321746445836
zh,，導致本次列车晚点48分钟到达长沙南站后，需要启用广铁集团热备动车组CR400AF-A继续行程前往广州南站。,6.557628283461683,6.751343537635558,6.422817499966683,True,True,0.32852603766887434
zh,有不下於雷蒂雅的戰略能力與指揮能力，在屈居劣勢的環境最能發揮其作戰能力的精巧，就算被關押在地牢中也能指揮俘虜們與亂軍作戰。,7.066051764890457,7.696948926879823,7.035472495062517,False,True,0.6614764318173059
zh,因为它向别国举债是以美元计值的，它可以让印钞厂毫无节制得加印美元，即便造成美元贬值，也能减轻其外债负担，,7.831901245589442,8.458738211847962,8.29621255597062,False,True,0.16252565587734225
zh,首播是2012年6月16日，阿特金斯在此影集中飾演同船的老師，而學生愛瑪及迪恩和同船的人分開，後來到荒島上。,6.1378819473367425,5.971274861256277,5.916313658827702,True,True,0.05496120242857483
zh,而在之後的CCG的本土防衛戰中，放出庫克利亞收容者，並將多間單人牢房打開，在打倒數名搜查官後，來到囚禁雛實的房間後並將雛實釋放，後來與董香、四方等人重逢。,7.525348367126972,7.811993738719363,7.3040816622630675,False,True,0.5079120764562957
zh,另外，何艷娟還代表香港參選2014年度於東京舉行的國際小姐競選，並揚言要進入三甲 citation citation 。,4.382299287002454,4.514406863697426,4.399510814488566,True,True,0.11489604920885998
zh,在联邦政府、巴伐利亚州、慕尼黑市和德国联邦铁路于1965年签署了慕尼黑快铁和主线的建造协议后，慕尼黑又在翌年4月26日获得了1972年夏季奥运会的主办权，这使得建造工程承受了巨大的时间压力。,4.729094088651086,5.295183009823061,4.856166336618586,True,True,0.4390166732044749
zh,，定南王为清朝给孔有德的封号（1649年5月－1652年7月）。,5.376300242697104,5.63251895363342,5.716663623168578,True,True,-0.08414466953515731
zh,具体方法是，先将原始信号相移90°、载波信号也相移90°，再将原信号与原载波信号调制，相移后的信号与相移后的载波信号调制，这样就生成了两个调制后的信号。,7.467876730312817,7.22728727854931,7.229745388607897,True,True,-0.002458110058586982
zh,，首位在身後以正規投票的方式被選入名人堂的球員。,6.308463641284235,6.243673566568922,5.873912077971746,False,True,0.3697614885971756
zh,。1986年8月28日，main在拉西拉天文台发现了此天体 citation 。,3.020722206235363,2.9472960507275627,2.6798313167129555,True,True,0.26746473401460724
zh,他聘請人才管理 - 傑夫·沃爾德和羅恩德·布拉西歐來幫他重塑自己的形象，使他看起來更加時尚。,6.169018330469084,6.744750321314408,5.922457444896198,False,True,0.82229287641821
zh,姚兴富：《江苏基督教史》，378页，2018年 。,5.068924998006947,5.337498609039136,5.168869249443981,True,True,0.16862935959515468
zh,作为中国南车集团的控股公司，至2007年末南车集团持有90.04%，餘下的9.96%則分別由六名獨立第三方社会法人持有。2008年中国南车集团上市集资，南车集团持有的南车四方机车车辆股份股权进一步增加至93.60%，同年12月29日南车四方机车车辆股份正式更名为南车青岛四方机车车辆股份有限公司。,5.469746311533638,5.889931738610659,5.346912968825033,True,True,0.5430187697856255
zh,魅族17系列配备6.6寸三星AMOLED全面屏，分辨率为2340x1080，PPI达到390。,6.657662132006795,6.72452806942145,6.562176447006959,True,True,0.16235162241449164
zh,他从1897年开始接手此委托，风格发生了巨大转变，原先的学院气息被摒弃。,5.660360236468706,6.347318663828231,6.239802770709036,True,True,0.10751589311919485
zh,使用者可透過「查看」﹥「使用堆疊」來進入設定 。,6.478743306179589,7.196284644181295,6.954271758576116,False,True,0.2420128856051793
zh,由2013年4月22日起，改為下午2時至4時播出。,3.3363550512095745,3.631309636693867,3.2578613226719693,True,True,0.3734483140218976
zh,麦克纳提回到凶杀调查组 ，为了消解抑郁，他开始沉迷于酒精和情色 citation citation 。,5.106109234655648,5.5847959023677864,5.237695753799981,False,True,0.34710014856780536
zh,矽肺病越来越多地成为许多行业的关键健康话题，因为其职业原因已经变得更加明显。,6.217438052397032,6.324411472904654,5.9128458061078355,False,True,0.41156566679681816
zh,報導中分析，可能原因是因為王同意反對派(指民主進步黨)的要求，,5.971876725487322,5.789083933121881,5.355970392425622,False,True,0.43311354069625896
zh,，齊藤成為當時紅白史上最年輕的紅組主持人，紅白上，齊藤既負責主持，又演出節目，該屆紅白被稱為是「齊藤由貴的天下」。,7.0107343697623765,7.438232095725214,6.795885956459193,False,True,0.6423461392660208
zh,北骑谓出兵不利，以皮革裹尸，号哭奔去。”,9.030316438494012,9.801432920858575,8.969036366544978,False,True,0.8323965543135969
zh,然而，當警方邀請剛往辨認疑犯時，怯懦的他竟沒勇氣指證李棠，反而棠更成了剛進入黑社會的引路人。,8.459727709576516,8.840919248872654,8.297177026391665,False,True,0.5437422224809882
zh,阿布扎比卢浮宫是一个完全独立于巴黎卢浮宫的博物馆，尽管这两个博物馆之间有30年的品牌和培训协议，而且巴黎卢浮宫是法新社博物馆12个股东之一。,6.136948067008813,6.533445997499882,6.31699535740337,True,True,0.21645064009651183
zh,》羞愧并勉励他；郑元璹侍奉长辈也不孝顺，舆论鄙视他们 《旧唐书·卷六十二·列传第十二》：元璹后累转左武候大将军，坐事免。,7.5691911728610455,8.60837580427942,8.34938549510024,False,True,0.25899030917918076
zh,。 citation 第一季於2010年4月5日首播，卡通頻道在4月7日即宣佈續訂第二季。 citation citation 與前一季相同，第二季同樣為26集，每集約11分鐘， 由卡通頻道工作室和main共同制作。 citation 至2010年8月時，第二季已經完成編劇，海外團隊也已經開始製作動畫。,3.7530213239539365,3.7834109865897223,3.59787108499217,True,True,0.18553990159755251
zh,，但其主要目标却是要在一战中德国夺取的土地上恢复德国的势力。,5.293749022178719,5.876875928003473,5.5273880081585895,False,True,0.3494879198448837
zh,，隨之而來的交火造成5名士兵死亡、2人受傷。,5.359264622895313,5.9058423565921165,4.789842328999311,True,True,1.116000027592806
zh,按理說，一條溪的砂石如果沒有人採取，政府變要採行發包疏浚，但一般人不會把這這方法用到大量採砂的蘭陽溪上，游錫堃將這個方法套用過來，可說是全省（國）唯一的創舉 (p212) 。,7.608969260091346,7.993013148617449,7.670780450202897,True,True,0.3222326984145525
zh,藉著基本課程，對材料的了解及知識的應用，,6.078904411876063,6.482242972952345,5.467144105526962,False,True,1.0150988674253831
zh,这个模式是在插入模式下按下ctrl-o键并且开始一个可视选择的时候开始。,6.2570187360638165,6.845213234997567,6.541672371690018,False,True,0.3035408633075498
zh,与奥林匹克运动会申办过程不同，欧洲奥委会采取的方式是与有申办意向的各城市进行闭门会谈，以使申办过程开支最小化，且缩短申办过程时间。,7.08915672183655,7.644628413924205,7.099523210639103,False,True,0.545105203285102
zh,該黨第一高票亚历山大·斯图布表示「很難不讓擁有39席議員的政黨入主政府」。,6.623068539888739,6.8722766871925325,6.885522030617635,True,True,-0.013245343425102085
zh,但同时作为美国海军陆战队的一员，他又不得不保持基本的立场和道德底线。,5.199930788814877,5.15892949588406,5.039336494954481,False,True,0.11959300092957825
zh,而作为发光二极管灯具的核心器件，LED驱动芯片扮演着越来越重要的角色。,6.35062494507444,6.499046125642511,6.217116877001452,False,True,0.2819292486410596
zh,算是輔助嗅覺系統的第一站，因為化學刺激訊號經由嗅球傳遞之後便到此，,7.466699707852803,7.821864196070558,7.884182615442022,False,True,-0.062318419371464095
zh,，这种关联在艾滋病阳性参与者种更为明显， 这些研究结果表明，甲基苯丙胺在未受保护的肛交中的使用和参与是共同发生的危险行为，,6.305251291190188,7.2772910203000425,6.667366598896306,False,True,0.6099244214037363
zh,代牧區成立於1893年2月16日，位於莫羅納-聖地亞哥省，,4.753753465614238,5.293192689001156,4.8459049802893475,True,True,0.44728770871180856
zh,而一名男子被截查期間因搜到即防毒面具，涉嫌違反《進出口（戰略物品）規例》被捕。,7.9073044000622845,7.825953028965037,7.479333415799064,False,True,0.3466196131659727
zh,而在每日更新的「TOP TV Shows on Netflix in the World in 2020」，《雖然是精神病但沒關係》總得分為11758分，佔第19位，亦是2020年度上架的韓劇中的最高排名及唯一一部總分過萬分的韓劇 citation 。,4.764616633024456,4.630319405630558,4.779009137935515,True,True,-0.1486897323049572
zh,官方活動所取得的 Event Point，能夠用以交換官方活動的虛寶包。,5.528230558212406,5.551619901246244,5.511572076944487,False,True,0.04004782430175702
zh,担任议会议长，属于民族运动的大学教授main。,4.28809571668827,4.311614229538659,4.352499779783375,False,True,-0.04088555024471585
zh,蓋基的座標為coord ，而該地最高點為海拔高度230米（即755英尺）。,1.9141852971949838,1.7695935808941807,1.8304990461813753,True,True,-0.06090546528719454
zh,留在南京的剩余人员9月18日组建第六军医学校。,5.9438644206249895,6.333579859202527,6.420296263489969,True,True,-0.08671640428744176
zh,，再以牛皮紙包好，貼上郵票，三個郵包分別寫上的收件人為：,8.453515947576905,8.764529658058148,8.291751106245412,False,True,0.47277855181273587
zh,头三盏灯光呈相当紧凑的“V”型，后两盏灯光更靠近“V”型线条腿部的后部。,8.194196807296006,9.388859026892197,8.412593131966842,False,True,0.9762658949253549
zh,儘管簽下了唱片合約，卡卡表示仍有些電台認為她的音樂對主流市場來說太「活潑」，「舞曲」及「地下風」。,6.136317648178943,6.479335476843039,5.823581534058702,False,True,0.6557539427843366
zh,同屬荷蘭政府控股，計劃於今年下半年進行合併，合並後的銀行被稱爲“荷蘭銀行”這是2007年那樁銀行業史上規模最大並購案的後續。,6.582424013630938,6.96555112989969,6.511710163684711,True,True,0.4538409662149787
zh,民国二年（1913年），改循化厅为循化县、改巴燕戎格抚蕃厅为化戎县（后改巴燕县、又改为化隆县）。,7.993341639947679,7.8489591018409355,8.026421611339236,True,True,-0.17746250949830067
zh,有事衝著他來就好，為什麼要去找他的家人呢？,6.662512834923638,7.327749733471641,6.231408989676644,False,True,1.0963407437949968
zh,在中世纪王国数十年的竞争之后，在18世纪后期，,4.550954458887389,4.8780232677514395,4.417611494159229,True,True,0.4604117735922104
zh,"六角國際事業股份有限公司（La Kaffa International CO., Ltd，簡稱六角國際餐飲集團），",4.2441693550313335,4.345291168485514,3.8736034373924033,False,True,0.4716877310931107
zh,一部分曾经提出过的“亚种”名称其实是由不同亚种杂交而成的种群，过去曾使用的Mus musculus molossinus（日本家鼠）就是一例 。,5.979370673956751,6.082547146674436,5.803422074893925,False,True,0.27912507178051094
zh,”的民意调查，在皇家学会院士和网民投票中，,6.196198449982762,6.423483716978724,5.857853666365633,False,True,0.5656300506130902
zh,塔蘭特組本身是鷹福特群（Eagle Ford Group）地層的最下層，,5.45951960331444,5.4674183853178295,5.391091852712469,False,True,0.0763265326053606
zh,杜魯多其後再與眾省省長於1981年11月齊聚渥太華，以冀解決分歧 。,7.4770920985827,7.682533492619445,6.981412232605395,True,True,0.70112126001405
zh,全片讲述了身为演艺明星的男主人公为追求音乐学院女生，不惜乔装打扮、掩饰身份后潜入学院，最终寻获真爱的故事 citation 。,6.0364720332901864,6.5954294072063835,6.277979014729587,False,True,0.31745039247679685
zh,"他曾為加拿大的龐克搖滾樂團 Pup 的MV ""Guilt Trip""中演出，飾演年輕時的 Stefan Babcock。",5.051153687595495,5.314040796594251,5.085917775706215,False,True,0.22812302088803627
zh,印度文書記載真正的獨角獸實際身高是比羊大一點。,7.737965420646499,8.183488541498415,7.8264167859158436,False,True,0.3570717555825711
zh,上野健二最终成为事故中唯一被抢救回来的人。,6.783415012462402,7.767240328322748,6.8313600231742075,False,True,0.9358803051485403
zh,车站设3站台7线，其中正线2条，到发线5条，站台为两个岛式、一个侧式，总共5个站台面。,5.33969432958284,5.654153662334976,5.069944982610206,True,True,0.5842086797247701
zh,中国西昌卫星发射中心（第二十七试验训练基地）（63790部队）,6.14628708344971,6.193851981233536,5.7901639841693,True,True,0.4036879970642362
zh,"该地是多个文化机构的所在地, 占据大半个街区，平行排列在一个广场上。155街对面则是三一堂公墓（Trinity Church Cemetery）。",5.100403466720166,5.5337197238318145,5.112884684622176,True,True,0.4208350392096385
zh,）至是次遊行時均未得到完滿解決，也促成了遊行的原因。,6.4545839987115405,6.817174588384109,6.336994542886769,False,True,0.48018004549733995
zh,一天，刘得华见义勇为，救下了校花“凤宝钗”。,8.433293172386495,9.058444305727715,8.814516317034611,False,True,0.24392798869310361
zh,，大量的剩余农村劳动力进入城市寻找就业机会，农闲时节特别是春节过后，农村劳动力在较短时间内涌入城市，一方面导致交通运力的紧张，另一方面城市出现大量的寻找工作的人群，与此同时也出现一些“社会治安”问题。“,5.697523054080758,6.138822928491582,5.651303613668929,False,True,0.4875193148226522
zh,肯尼迪高速公路由史密斯費爾德出發，連接山城庫蘭達，及阿瑟頓高原上的馬里巴，終於半島上的聚落。,6.678213439159463,6.704992499123189,6.617561261754654,False,True,0.08743123736853509
zh,，他們大部分都不屬於印歐民族。 citation 依據主流的西方理論，這些民族大約在西元前第4至第2世紀被亞美尼亞統治，並與來到此地的亞美尼亞人互相通婚。,4.802865332349215,5.020967697551215,4.699305741002351,True,True,0.32166195654886387
zh,这个速度也是对应于290K（摄氏17度）时麦克斯韦-玻尔兹曼分布下的最可能速度。,6.71181124156091,7.366711511460447,6.475166872423811,True,True,0.8915446390366357
zh,在遊戲中，格林旨在找尋到《武裝行動3》的現實模擬及《H1Z1》街機般的動作焦點之間的平衡點 ，而當中一個關鍵點便是在遊戲地圖上隨機放置武器和裝備從而實現正確的分配。,6.283971752270982,6.93949064624206,6.31581322529912,True,True,0.6236774209429399
zh,同时规定国务院西部地区开发领导小组办公室主要职责是 ：,5.353941783351844,5.668787179184972,4.9966145106879924,False,True,0.6721726684969793
zh,所有的納粹集中營管理人員原本均隸屬於一般親衛隊下轄的main指揮。,5.486286381565584,6.368715847329622,5.233104934520073,False,True,1.1356109128095495
zh,首都在中国又称为京城、京都、京畿、京师等。,6.294148260711396,6.804747365240552,6.603174192479184,False,True,0.20157317276136855
zh,二段：2016年8月 citation 。,2.730578178777261,2.495080271159007,2.637279779554289,True,False,-0.14219950839528206
zh,；1935年2月任延水县保卫局秘书；同年10月，,4.702521457438432,5.381480124993903,4.2971940667117225,True,True,1.0842860582821805
zh,。1993年至1994年，担任外交部长。,2.6883345224869317,2.6064980358315717,2.426948672468402,True,True,0.1795493633631695
zh,吾良將勁兵布天下，彼不勞一郡之兵，一校之眾，則懸首槀街，盡為奴擄。,9.535915972414237,9.622121284729822,8.985874502850818,False,True,0.6362467818790041
zh,，也因此他下令將阿奎那的著作立為天主教會的思想基礎，所有的天主教學院和大學都必須教導阿奎那的理論，並且還建議教師們在談及那些阿奎那沒有明白闡述到的議題時，應該要「遵從阿奎那的思考方式，教導正確的結論」。,6.09848634686842,6.580456894376645,6.043633620182315,False,True,0.5368232741943295
zh,文教活動亦涵蓋歷史科，每年舉辦「成功人物扮演比賽」。,6.087954695860667,6.360209296157366,5.882235928204609,False,True,0.4779733679527576
zh,他曾經獲得2018年非洲跆拳道錦標賽男子54公斤級金牌，及2019年非洲運動會男子54公斤級銅牌。,4.7759242031711615,5.558469589823079,5.261249227636421,True,True,0.2972203621866578
zh,不但引來社會局上門關切，強制介入安排寄養家庭，更有黑道討債集團威脅逼迫還款。,8.026611153319756,8.397325454731076,8.08891127768006,False,True,0.3084141770510165
zh,高宗內禪，手詔後稱太上皇后，遷居德壽宮。,8.029612486187244,8.794650544774115,7.828450046710845,False,True,0.9662004980632695
zh,在二次世界末日時，被露魯塔以「無淚終結之力」催眠。,7.1778696097778205,7.449149645639465,7.683566761361958,False,True,-0.23441711572249346
zh,，目標是打造世界最大的再新能源公司，整合提供太陽能面板、家用儲能設備，以及電動汽車。,6.275643666313117,6.873142688253779,5.6925769804780515,False,True,1.1805657077757274
zh,在《血脈四部曲》中沃夫加在和布魯諾的人類養女凱蒂布莉兒的婚禮前突然性格大變，並且攻擊了身為恩師及好友的崔斯特。,7.268740011197272,7.612202927030769,7.0721215826668695,False,True,0.5400813443638999
zh,在這點上，卡納耶娃是幸運的，因為我跟施特爾鮑姆斯決定讓她待在國家隊訓練中心。,6.409117108955947,6.953144765966599,6.422872898745573,False,True,0.5302718672210256
zh,"，始建於1981年5月18日，面積649平方公里，海拔高度1,300米，2001年人口30,638，人口密度每平方公里47.",1.5312795371093775,1.5177634260378359,1.423380570232066,True,True,0.09438285580576977
zh,開元年間，10卷本《老子化胡經》編集而成，各卷非出一手，,7.778741234099091,7.688423252163387,7.995539764610845,True,True,-0.3071165124474575
zh,但在第三季中，因不甘于一辈子当一个秘书，从而出卖名人谋杀案的现场照片，却应此导致亚当斯警探被停职调查，最后向局长自首，遭到开除。,6.885305297384733,7.208297563551001,7.016695724556438,False,True,0.19160183899456307
zh,货物能在这里被卸下，之后通过考岛小道，经陆路被运输到本顿堡。,7.449229998665186,7.871744015580018,7.555863325401129,False,True,0.3158806901788891
zh,只是，作為契約的一部分，只要葵一陷入悲傷就會受到被強行奪去所有祭品的懲罰，而以葵的情況連其生命都會被奪去，所以現在葵處於一陷入悲傷就會死亡的狀態。,6.391165947445567,7.084548828561691,6.378444957839176,False,True,0.7061038707225151
zh,浴室設備包括意大利「Wilux」淋浴花灑間連趟門、美國「色麗石」實心面材檯面連地櫃、泰國「Karat」座腳洗手盆及西班牙「Roca」瓷質沖水式坐廁，以及其他浴室配件。,8.467263715419667,8.930150597805895,8.897797680145985,False,True,0.03235291765991022
zh,，但其傷殘雙腿與奪淚演出，獲大會特頒〔演技優良特別獎）；,9.20792664635399,9.254990588328031,9.339143952960974,False,True,-0.0841533646329431
zh,泥蜆科物種的寄生蟲有沼蠅科（Sciomyzidae，,7.940887928751905,8.687941836154861,7.651179255100084,False,True,1.0367625810547771
zh,梢间后檐金柱之间为砖墙，前檐檐柱间各安有双交四椀菱花槅扇槛窗四扇，,8.074654898533307,11.993788100557872,10.375761724494524,False,True,1.618026376063348
zh,在2017香港最具教育競爭力小學50強龍虎榜中排名第30位 citation 。,4.56377806700062,5.061332970053727,4.5446813819095375,True,True,0.5166515881441898
zh,道光十八年，鄧州有潛匪，光甲入其巢，捕獲賊魁黃佩臣等十人。,8.16243052710637,8.483588819673729,7.8749944092720305,False,True,0.6085944104016985
zh,台灣、香港的學校也會教授學生關於部首及字典查詢的知識。,6.185925841372172,6.502154960476241,6.493604572730145,False,True,0.008550387746096177
zh,Leung Shiu Bun）（2000年－2008年）,3.46351557448077,3.3529092380750622,3.3752463922126137,True,True,-0.02233715413755144
zh,還能像煙霧一樣伺機侵入並破壞人體或機關傀儡。,7.7535607874867205,9.10340027156299,8.772087150215839,False,True,0.33131312134715074
zh,與優秀的軍事才能相反，內政能力一塌糊塗。,8.050414983498007,7.265555613192496,7.727128482608931,False,True,-0.46157286941643516
zh,在2002年，維珍航空成為全球首間使用A340-600客機的航空公司；在2003年，維珍航空的年客運量高達380萬人次。 citation ；在2004年，,4.311950694364944,4.222639119769885,4.356993394733012,True,True,-0.13435427496312702
zh,於美國首周末票房為1200万美元，次于《,5.458205462851718,5.781198970820923,4.5720030388025865,True,True,1.2091959320183365
zh,，所以色雷斯人號要開入維多利亞港支援守軍也充滿危險，但色雷斯人號仍於14日晚上冒險夜航，帶領魚雷艇隊進入維多利亞港發動突擊，攻擊在海港內被日軍控制的船隻。,6.589685415977767,7.125785290157261,6.236409414515593,True,True,0.8893758756416688
zh,财报显示，2020年第二季度总营收为1.,5.814760549792497,6.132353868041809,5.82682462499222,True,True,0.3055292430495893
zh,伊藤律是所感派的重要人物，对以宫本显治为首的国际派进行大量批判。,7.7931834004690455,7.692768546770807,7.081534617521366,False,True,0.6112339292494413
zh,这部手抄本使用了红色、蓝色、黄色、绿色和金色作为装饰色，所有的段首字母都被精心装饰，其中有些甚至夸张地占据了半幅书页。,6.1099248145088065,6.836665343988025,6.03868528948965,False,True,0.7979800544983746
zh,，2015年3月31日起連載於網路漫畫雜誌《,3.9365590507410686,4.181070883146318,3.7138379884906354,True,True,0.4672328946556825
zh,其中主教座堂中的玻璃画是世界上唯一留存下来的罗曼时代的玻璃窗画。,5.5044257749576335,6.339354723922771,5.295282863992472,False,True,1.0440718599302992
zh,因此，往往需要将船上的一部分货物卸到驳船或小船上，使吃水变浅后才能通过沙洲完成航行。,6.62393288385399,6.9936271741099505,6.370983296713207,False,True,0.6226438773967438
zh,，成为恢复高考后的第一批大学生之一，1982年毕业并获得学士学位。,4.230995615142538,4.449185836242057,4.352161722591537,True,True,0.09702411365051944
zh,不過依據ISRO公布OV的設計概念，OV的外觀呈現更細長的圓錐體。,5.748728831327767,6.9363424417775,6.026468267854317,False,True,0.9098741739231828
zh,该规则也适用于角色的移动，即由角色的路径创建的“线”。,5.321901120668701,5.7196378300824815,5.281256608203995,False,True,0.4383812218784868
zh,己卯鄉試三十九名，萬曆十四年（1586年）丙戌科會試三十名，登三甲第八十九名進士 citation citation 。,2.1986873780660985,2.4384033603732913,2.2770584172602173,True,True,0.161344943113074
zh,，但2005年则是首次有热带天气系统以阿尔法命名。,5.621220240288367,5.6348061288581865,5.276012006715529,True,True,0.3587941221426574
zh,洪旭《王忠孝传》：“丁亥夏，（王忠孝）与鸿逵、成功，及光禄卿诸葛倬、都宪沈佺期、职方郎张正声、礼科郭符甲、翰林林垐、御史林兰友，同时举事，收复郡邑，义声大振。”,8.54679002676643,9.230555949302193,8.533101804436189,False,True,0.6974541448660041
zh,自從1950年大軍撤離後，札幌政府再次展開公園重整計劃。,5.25399189187444,5.979103389033088,5.844965081640359,True,True,0.13413830739272914
zh,是当时中华人民共和国首部针对开发人员的专业技术权威刊物 citation citation 。,3.136534741661478,3.250636287411107,2.971025288466945,False,True,0.27961099894416197
zh,"变成上述形态时只需把棒向上投掷,就会自动合体.",8.117536175925142,8.670562670798786,8.31591793438519,False,True,0.3546447364135954
zh,菲沙河的内陸流域於1858年出現淘金熱，吸引大批淘金者湧往卑詩内陸，亦令蘭里堡成為淘金者的主要補給站之一。,8.005207299946052,8.599752190261762,8.443063001081013,True,True,0.15668918918074937
zh,；例如指該公司會向他贈送免費服務，但事後才得知用戶需付衛星天線月費。,7.331555229770645,7.752661216955905,6.965093732485129,False,True,0.7875674844707756
zh,量子力學處理此類問題時必須同時遵守能量以及動量守恆。,7.22912700153454,7.629737834051716,6.722457041600304,False,True,0.9072807924514121
zh,於2008年底，HotCha推出第二張專輯《,4.173324425631142,4.373543098382528,4.228772828670361,True,True,0.14477026971216667
zh,：「自2014年11月26日事情發生以來，為了解除誤會我們盡全力跟B.,5.089682698351967,5.428150364441737,5.395639681363436,True,True,0.03251068307830085
zh,直至2009年獲擢升為高級警司後 citation ，被派駐刑事情報科及刑事部總部 citation 。,4.076232119245378,4.238952160947575,4.18061190758597,True,True,0.058340253361604866
zh,教材的布局、組合對事實性知識的講述有重要的影響。,5.9777735290339855,6.249975231034329,6.288200397704562,False,True,-0.03822516667023379
zh,一名在珲春的外国传教士事后称“袭击珲春的这批人，乃是日本人所收买的中国马贼。,7.001846583727727,8.120993820973565,7.696770795529123,False,True,0.4242230254444417
zh,”外，仅在部分涉及表述“较大的市”的条文中使用“国务院已经批准的较大的市”字样。,6.386850811359008,6.504773257910566,6.490580813312693,False,True,0.014192444597872722
zh,但隨著近年旅客數目的增加，機場仍不定期提供來往西班牙本土、歐洲和南美的航班起降。,5.752110867936262,5.86939921025939,5.632101407721784,False,True,0.23729780253760602
zh,，《中国动物志》的编研工程受到严重冲击和干扰，工作基本停滞。,5.610143485561838,6.893257089619858,6.128059541032807,False,True,0.765197548587051
zh,此外，徐睿知過往被爆涉校園暴力的傳聞再次受到關注，有韓媒指早於2014年便有網民發文指在就讀國中時被徐睿知欺凌 citation 。,6.384999434087368,6.990848211458991,6.812036524833827,True,True,0.17881168662516433
zh,他的家庭富裕而缺少文化气息，父亲性格软弱，强势的母亲操控着家庭中的一切。,6.5426171792993415,7.123694682878728,6.781399453545662,False,True,0.34229522933306633
zh,"前者是一个相对完整的升级，包括换装新引擎和变速箱，以及新型动能弹的使用和为炮手安装更复杂而精准的火控系统 de Mazarrasa (1990), pp.",5.176909923451089,5.599841473842652,5.1978489787664754,True,True,0.4019924950761764
zh,》又稱《士禮》，17篇，主要敘述春秋諸侯國中士人和貴族的禮儀，,6.261703264582534,7.169794362848077,6.473303150967496,True,True,0.6964912118805815
zh,， citation 自此結束成都去往福建長期不通旅客列車的歷史。,5.020886922254657,4.891629132248828,4.713318491030414,False,True,0.1783106412184141
zh,，获1991年江西省教委颁发的科技兴农先进个人奖 citation 。,4.5318409950011,4.8945287102833115,4.357306580219889,True,True,0.5372221300634221
zh,"，然而她对这里的教育理念深表不满 Sicherman, Barbara.",4.505054489510522,4.4413763605365295,4.631093193018427,False,True,-0.1897168324818974
zh,，需要重新命名以將“智能炸彈”與自由落體炸彈區分開。“,6.836239220117086,7.035647108968683,6.302460892493608,False,True,0.7331862164750751
zh,GeForce GTX 980/970均拥有4个64bit双通道显存控制器组合形成的256bit显存控制单元，也都采用了4096MB的尺寸的显存体系。,6.41872447481962,6.5105856586421575,6.551004695386069,True,True,-0.040419036743911896
zh,─「2021牛運亨通」i搭桃捷APP背景動畫視覺設計製作。,9.09431709908325,8.75059394893005,8.634930617262425,True,True,0.11566333166762455
zh,但這時的錢德勒並沒有特別獲得重用、同時也有著背傷困擾。,6.540225826277636,6.395548123823812,6.293165574179775,False,True,0.10238254964403737
zh,加上日本之偽軍，足以對華北安全構成威脅；駐中國東北關東軍轄4個師、4個旅及5個獨立守備隊，成為進攻華北二線部隊；另外，日本台灣軍和朝鮮軍共有2個師兵力 : 53 。,6.328118662707399,6.5016318016847965,6.044298984451754,True,True,0.4573328172330422
zh,学校位于县城新区，2012年6月，仁英高中撤并作为高三年段教学区和生活区，原苍南中学教学区和生活区供高一高二年段享用，运动区供所有学生享用。,7.091484141103254,6.928962299465643,7.0652827828721545,True,True,-0.1363204834065117
zh,夜经济、5G元年、极限施压、止暴制乱、接诉即办、夸夸群、基层减负年、冰墩墩/雪容融、杀猪盘、乡字号/土字号。,10.537826449681434,10.008780898779097,10.468106008851542,True,True,-0.45932511007244514
zh,》Legend of the Seeker22集。,4.101598894282892,3.874130089326211,4.353242215657715,True,False,-0.4791121263315037
zh,而在“电磁世界”（如亚伯拉罕和索末菲）的支持者看来，相对论具有的力学属性是一种倒退。,7.104184981342182,7.000245130508696,7.052585194586868,False,True,-0.052340064078172155
zh,南本德鎮區涵蓋面積convert，境內無城鎮設立。,4.419670488094605,5.125868294954406,4.390027240885459,False,True,0.7358410540689473
zh,，但很已经非常具有衍征性，并且似乎缺乏其基础。,6.0172184608709935,6.056208074372599,5.9813818626352075,False,True,0.07482621173739101
zh,Nintendo Switch最高難度為Master。,4.219927886985883,3.8323120126100783,3.780471134746801,False,True,0.05184087786327707
zh,环戊二烯基三氯化钛是一种main，化学式为(C 5 H 5 )TiCl 3 。,6.245869991399621,6.388907274191616,5.360743805296849,True,True,1.0281634688947667
zh,現時的搶救治療做法是，臨床估計傷者受傷最嚴重的3個部位，給予1至5分（5分為最高分），若其中一個部位得5分，傷者的情況便十分危險，隨時有喪命可能。,6.312883758283628,6.857218479292865,6.190559731292608,True,True,0.6666587480002573
zh,，故此沒前作那樣能夠令觀眾對角色建立興趣 。,6.443341799125464,6.256646765276984,6.258625612612825,False,True,-0.001978847335840861
zh,此时他已受到半年监禁，所以只需再服刑六个月，,6.3849665205587955,6.6402933398909285,6.494285512933178,False,True,0.14600782695775028
zh,"据一些资料显示，舒沙是1752年由main建立的 The Encyclopaedia of Islam, Volume 4, Parts 69–78, Brill, 1954, p. 573. citation citation 。",2.8986766205795167,3.00005157951977,2.7932358859373894,True,True,0.2068156935823806
zh,簡而清對賽馬亦甚有研究，由於懂得英文，1949年已開始為報館寫馬評，與弟弟簡而和（簡老九）合辦馬迷服務社，出版每日出跳馬紀錄。,8.200392142976217,8.214692156430157,8.0608784407351,True,True,0.15381371569505653
zh,踏入30歲後，劉氏有感於廣播界可進一步發展的空間有限，尤其不喜歡主持如「巴巴閉 Afternoon D」一類的節目 (尤其不喜歡唱那些改編歌詞作品)，故向商台提出只主持《韓流襲港》節目，騰出時間向外發展。,6.918726087750948,6.70392033121196,6.697936857759775,True,True,0.005983473452185528
zh,边连宝《随园诗草》卷六有《戊子腊月十九日七十初度》诗，可推得其生于康熙三十八年十二月十九日（1700年2月7日）。,5.936005343266196,6.259652306236196,6.29914730360664,True,True,-0.039494997370443485
zh,像例如印地語的सत्तू खा लिया (sattū khā-liyā)(意即「吃光sattu飯」，直譯為「炒穀、吃-拿了」)和 बच्चे.,9.741781882938449,9.018983865528444,8.122850556062522,False,True,0.8961333094659221
zh,出口1、2位於車站北端，出口3位於車站南端，無障礙電梯位於出口2。,5.449803722071309,5.913242336363362,5.696292656474397,True,True,0.21694967988896519
zh,、次子林秋柏、長女林塵譚、次女林金鸞、三女林普晴、三子林聰彝、四子林拱樞、四女鄭林氏（史書沒記下名號，因林則徐四女嫁於鄭葆中，故稱鄭林氏）。,8.853711359055854,9.033351239506555,8.687102395744017,False,True,0.34624884376253817
zh,、迁徙、婚丧嫁娶、生命礼仪、民间信仰、建筑、服饰等方面的考察，考察的結果是，就社会历史文化而言，,6.484912555516138,6.666046424290457,6.067910026646506,False,True,0.5981363976439509
zh,啟德吹襲越南期間，造成20多人死亡，14人受傷，損毀近7500間房屋。,5.085249062049457,6.012511639682181,4.9491491772096,True,True,1.0633624624725808
zh,，於2007年9月當選西藏青年大會主席，並於2010年8月8日當選連任至2013年8月。 citation （英文） 他在藏青會主席任內的新措施包括舉辦藏文徵文比賽、在印度藏人社區開設藏語課程、提供西藏人民在專業領域研究獎學金，,5.0355674077808175,5.119170381725166,4.839623715259435,True,True,0.27954666646573045
zh,崇祯十二年（1639年）冬，阳玛诺在鄞县傅洗教徒数人。,6.8253321786751675,7.251314532460251,6.650663060530081,True,True,0.6006514719301697
zh,挪威歷史學家對哈康四世統治持有不同觀點。,6.239288421730283,6.4748500120672565,5.981591976296662,False,True,0.49325803577059446
zh,，显示他在2017年选举前曾向一名自称是俄罗斯某大亨侄女的女子说：「俄罗斯大亨可入主奥地利的主要媒体，让奥地利自由党在选举中取胜，就可以得到奥地利政府工程」。,5.7134843498000905,6.280045833434596,5.851662090809305,True,True,0.4283837426252912
zh,第二架“猎人”被防空炮火打成重伤，艰难的在Halat简易机场迫降。,6.996041868875119,7.490536098597327,7.5920727132744386,False,True,-0.10153661467711128
zh,自此歐菲魯斯就改名為克里斯多福，意為背負基督者。,7.359036917379236,7.55814934986423,7.013598453542164,False,True,0.5445508963220664
zh,，播放時間為逢星期一至五20:00－21:00。,4.136246483141651,4.492366032700149,4.0013751017159676,True,True,0.49099093098418134
zh,雙棘刺尻魚，又稱雙棘棘蝶魚，俗名琉璃神仙、藍閃電，,8.507924375354364,10.019083116582614,8.407028451304061,False,True,1.6120546652785528
zh,他与热内布拉·德麦哲伦（Genebra de Magalhães）结婚并育有后嗣。,6.265897315402976,6.00492500995292,5.96941259082436,False,True,0.03551241912856007
zh,梁晋才（1927年12月17日 － ），,2.9862401841062756,3.0592268694100375,3.0686686841838053,True,True,-0.00944181477376782
zh,杭州吳語、銅陵吳語把一二等各小韻（除去佳韻併入假攝）和總合併成一的韻母（杭州 e̞ ，銅陵 æ ），这種現象在另外吳語裡不大常見。,9.090849662008168,9.628816397038696,8.94708767559501,False,True,0.6817287214436849
zh,，令人懷疑中電意圖利用利潤管制協議的保護下，將有關投資計入電費之中，令電費上升 citation 。,5.791162764983663,5.786592963384455,6.048821965815873,False,True,-0.2622290024314182
zh,，成為第一種被大量列裝並外銷國際市場的半自動步槍，,6.413073662445088,6.557239786439608,5.5743499407430726,False,True,0.9828898456965351
zh,遠平循其例續之，刊除舊史複重不雅馴者，入制誥於帝紀，采著作於儒林，而文苑分經學、文學、藝學三科，十三志則分載於紀傳，名曰元史類編。,9.74519991283188,9.555604570810168,9.277302370262262,False,True,0.27830220054790544
zh,学校提供两种寄宿生活，一种是全日制寄宿；另一种则是弹性寄宿，学生在周六上午下课后可以离开学校，自由选择在一周内住在学校一至四天。,5.915608478965708,6.908270749308438,6.308574760068724,False,True,0.5996959892397147
zh,，并于1983年被列入“铁路重载列车成套技术的研究”中分项之一，同年5月铁道部在株洲电力机车厂召开了韶山4型电力机车设计审查会议，通过了机车的设计方案 citation 。,4.723220821819758,4.857416314432307,4.544269038581573,True,True,0.3131472758507332
zh,孫中山先生認為於發展東北部的鐵路時，必需建立一東北鐵路中區，“猶蜘蛛巢之於蜘蛛網也”。,7.415981961574215,7.701051898320582,7.0811198579066295,False,True,0.6199320404139526
zh,评论指，他任内为应对国际金融危机而推动的四万亿经济刺激计划，造成产能过剩、通货膨胀、巨额地方债务等问题，“使中国错失经济结构调整的最佳时期” citation ，造成“长期型结构性破坏” citation 。,5.196324512453745,5.742844048645783,5.1390190807729725,False,True,0.6038249678728107
zh,車長290公分、車寬75公分、車高60公分，全車總重量比所羅門5號車減輕約10%。,6.098704233952994,6.419735370737955,6.180815630780934,True,True,0.2389197399570211
zh,車前草富含瀉藥，食用後吸水膨脹（故會產生飽足感，但會拉肚子），可促進腸道蠕動，治療便秘。,8.57665451768409,9.294666705965493,9.203674461368626,False,True,0.09099224459686717
zh,她还通过单曲“Live Your Life”登上了Billboard的Heatseekers Album排行榜。,3.9411914064592977,3.9609929940523654,3.8645425165535836,False,True,0.09645047749878177
zh,全国矿工工会的很多人谴责诺丁汉分会会员是罢工破坏者。,7.114743404237497,8.308953426871495,7.57732139486324,False,True,0.731632032008255
zh,，1995年研究生毕业获得新闻学硕士学位。,3.718580108948595,4.191549159312385,4.164887720845029,True,True,0.02666143846735558
zh,他们注重在实践中学习新东西，并加以创造性的使用。,5.746069696279886,6.08799255956108,6.25043487874633,False,True,-0.1624423191852502
zh,是嘗試將角度也轉換成十進位，但是並未被普遍採用的角度單位。,6.106120099651319,6.59884534954884,6.526223359188988,False,True,0.07262199035985262
zh,抖空竹是用一根兩端有把手的繩抖動轉動或拋起空竹，具有很強觀賞性，可以強身健體。,8.359488340189056,8.60805802996185,8.492898997288595,False,True,0.11515903267325456
zh,得旨：黄龙光甲元缓刑一疏，为失陷封疆之臣求脱，目无朝廷，非寻常受财枉法者，比着定发边远充军，佥妻著伍。,10.023276741541252,10.263911903235124,9.55148419683047,False,True,0.7124277064046538
zh,康軒文教事業於2012年施壓懷孕36週的陳姓女編輯離職，陳女提告。,7.66334102886379,7.826870388471391,7.713632155162586,True,True,0.11323823330880423
zh,此外，2002年的春晚舞台采用长方形舞台，与往届不同 citation 。,4.486036306459221,4.457606958754743,4.293483516760753,True,True,0.16412344199399076
zh,……我的基本想法是，把廉政作为政治体制改革的一件大事来抓，把廉政同民主、法制、公开性、透明度、群众监督、群众参与等密切结合起来。,6.352129530444721,6.921078027437725,6.163527661559877,False,True,0.7575503658778473
zh,培因最後發動神羅天征毀滅了木葉忍者村，完成仙術修行的鳴人從蝦蟆那裡知道木葉忍者村遭到襲擊的消息，趕著回去，並且單獨一人與培因戰鬥。,7.99050024235495,8.664149239707484,7.693342906285543,False,True,0.9708063334219412
zh,永城芒砀山旅游区（包括：汉梁王陵景区、刘邦斩蛇处景区、大汉雄风景区、芒砀山地质公园）在2017年，,7.858249994935866,8.037465933404498,7.4425092060441465,True,True,0.5949567273603513
zh,使用者在作業系統內所在的目錄，使用者可在此目錄之下，用相對檔名存取檔案。,6.6893473479415375,6.389566081160006,6.311883023775516,False,True,0.07768305738449044
zh,，並給予中國作家協會第七屆全國委員會名譽副主席之職位。,4.6812054048632366,5.308653542762241,4.817781643427617,False,True,0.49087189933462394
zh,武器也有一個數值分配，在成功的武器攻擊你處理“傷害”等於與你的武器類型相關聯的數字。,6.1414968146788596,6.138683146513972,6.235881149446547,False,True,-0.09719800293257475
zh,，阿斯托的面積為6.40平方千米，當中陸地面積為6.40平方千米，而水域面積為0.00平方千米。,1.420964745144746,1.4500147348248853,1.1731381102758407,True,True,0.2768766245490446
zh,根據『堀鐵團公記』記載，在死後被埋葬在「城東之圓昌寺」。,7.073407599459197,7.8746613433213835,7.297236116529364,False,True,0.5774252267920197
zh,不过，作曲家坚持认为片中还应采纳《发条橙》用过的歌曲《,7.169613535375171,7.118146891760171,7.086644387360528,False,True,0.03150250439964264
zh,她看到有一个窑场的窑洞，有二十七八米长，住了86个人。,6.18027458974062,6.8963336928089705,6.964848436087097,True,True,-0.06851474327812657
zh,因為羅斯文明的發源地是基輔羅斯，所以малоросс的正確意思是「土生土長的本地羅斯人」的意思。,6.6388966954886515,6.808763552603246,6.549946650728804,False,True,0.2588169018744413
zh,Delsie 和 Fraser到達香港。,5.489785801685351,5.351425005618418,4.574534623423287,False,False,0.7768903821951305
zh,宽弘元年（1004年）2月，绥子薨，享年三十一 《大日本史·绥子传》：寬弘元年二月，薨。,5.108677104381818,5.959394224687699,5.366231962777716,True,True,0.593162261909983
zh,第二十二屆超級格鬥大賽參賽者，在第一輪敗給埼玉，因為沒服下怪人細胞，被豪傑的弟子三羽烏鴉打倒。,6.772108560298953,7.236730927804687,7.070423245799948,False,True,0.16630768200473867
zh,也會以風之魔法把敵人拉到被他污染附毒的〈邪毒〉區域之中，再派被他洗腦的魔物攻擊。,8.056527246110681,8.650445588870173,7.745901007768554,False,True,0.9045445811016197
zh,卫所軍士夏日炳倚势掠民家女，捕执之，论如法，自是豪猾敛迹，邑大治。,10.278688079840556,11.049570488518112,10.586700995167641,False,True,0.4628694933504711
zh,：〈Parallel Lives〉《Life of Antony》。,3.487225108828594,3.606882893165858,3.0972541531697737,False,False,0.5096287399960842
zh,海老沼匡（Ebinuma Masashi，1990年2月15日 － ）,4.351793962984234,4.352144654718526,4.30582124236373,True,True,0.04632341235479576
zh,编剧特里·鲁西奥和泰德·艾略特原本将飞翔的荷兰人上的海员描述为幽灵，,7.287516978742673,7.978109991560224,7.320603689046264,False,True,0.6575063025139603
zh,紅背松鼠猴的數量自1970年代就急促下降，相信是由伐林及捕獵造成。,7.586708473227761,7.630271800090829,7.333668497087524,True,True,0.2966033030033044
zh,楊牧曾說：「變不是一件容易的事，然而不變即是死亡，變是一種痛苦的經驗，但痛苦也是生命的真實。,5.558760771234179,5.9359106743245755,5.426660765375064,False,True,0.5092499089495117
zh,尽管歧视和普遍贫困限制了黑人拥有汽车，但新兴的非裔中产阶级还是尽其所能购买了汽车。,6.533298692686884,7.204889830513746,6.2232267490353035,False,True,0.9816630814784428
zh,如果3隻召喚獸和Help 卡都是面向上和有一些規律，就完成了一個組合，較強的組合為勝，並可將取得的積分點數倍化。,6.427388634908223,6.97756395915451,6.7245120901211175,True,True,0.25305186903339294
zh,其南翼沿北顿涅茨河推进，7月10日夺取了米列罗沃地域。,7.415163878074256,7.8111422368656145,7.344564901619273,True,True,0.4665773352463418
zh,最新款的床铺/床垫在英国和爱尔兰销售，构成采用公制的尺寸。,7.649193204543703,7.991313017770461,7.990238011547468,False,True,0.001075006222993835
zh,塞爾維亞克拉伊納共和國僅獲得塞族共和國有限度地軍事支援；這種支援僅限於偶爾對巴尼亞盧卡實施空襲，或是非常態地炮擊克羅埃西亞境內的城鎮 The Seattle Times 16 July 1992 The New York Times 17 August 1995 。,4.520454997400193,4.46743990267099,4.289916843545162,True,True,0.17752305912582855
zh,为使BitLocker加密保存操作系统卷，,6.3030843541719355,6.688765767690836,7.011484270189717,False,True,-0.3227185024988808
zh,随后拜占庭和格鲁吉亚的冲突经过多次协商均以失败告终。,6.08743981802235,6.92046690987191,6.440059796317609,False,True,0.48040711355430066
zh,，消耗少量的氧氣、脂質和蛋白質，但會產生大量的乳酸，而且無法像有氧運動一樣的長時間運動，許多運動都包括了有氧運動及無氧運動，,5.67630540895709,6.186439452544615,5.6549772016308895,False,True,0.5314622509137257
zh,吳稚暉仍然堅持主張用世界語代替漢語，反對用羅馬字拼音。,6.84883346050187,8.149990907314363,7.35746890732721,False,True,0.7925219999871533
zh,吉伯特以三级飓风强度直接穿过牙买加，给岛上山区带來倾盆大雨。,8.042581594857728,8.230036026905251,7.8852242598590525,False,True,0.344811767046199
zh,所有课程都是可选的，学生可以自由选择用什么时间做什么。,5.293002531878922,5.54153731408738,4.74341673829774,False,True,0.7981205757896399
zh,，長期擔任工團旗下的港九汽車司機總工會理事長，,6.190684748735246,6.374420464647819,5.939122285665198,False,True,0.43529817898262024
zh,擁有阿諾斯贈送的「不死鳥法衣」能夠承受一定程度的損傷而痊癒。,7.119498380568551,7.792045613013268,7.440346373530554,False,True,0.35169923948271364
zh,香港發行代理商現代音像(國際)有限公司於2004年推出發行了《今生無悔》,5.890299516069322,6.002306220167847,5.413143114944437,True,True,0.5891631052234105
zh,大多网站都只建立一个一维坏字符数组来保存，但事实这只能保存最靠左或最靠右的字符c，明显与英文的wikipedia里面要求一个二维数组来保存信息的不一样。,7.202225305537469,7.482844384884489,6.7688929225018395,False,True,0.7139514623826493
zh,用於製造精密軸承、高壓軸承、船舶上抗海水腐蝕的機械零件以及各種板材、管材、棒材等。,7.638255710707072,8.525672561581494,7.561706462118236,False,True,0.9639660994632582
zh,和淚(6月)同年，正在努力跟人培養感情，最近淚總算習慣了，被稱呼為郁君(いっくん)就是證明?,8.156631691708155,8.156400312836253,8.006346899003766,True,True,0.15005341383248627
zh,因考虑到建筑成本的因素，最终决定实施第一个改造方案。,5.153335643143747,5.344135998691184,5.0914059899925235,False,True,0.25273000869866014
zh,唯一的意大利師在俄罗斯没有得到PaK97/38电池的main、二线安全部门。,5.782339655517354,5.991477896892966,5.945128731238655,True,True,0.04634916565431091
zh,他试图解释自己的立场，甚至提出要在以后的版本中改变一些“太激烈”的观点：,5.365874771028857,5.367861960836879,5.165586862225385,False,True,0.2022750986114943
zh,由於所有經費來源均靠公眾捐款，因此須花更多人力物力募捐，例如為了應付每月收入，要聘用有償員工在街頭招募每月定額捐款者。,7.540979335794732,8.184561713239798,7.295152196027698,False,True,0.8894095172121004
zh,》后即以積極的姿態籌辦了這次音樂會，爲了演出效果，地點選在了只能容納1900名觀眾的理大賽馬綜藝館舉行，,6.835900261318405,7.493767103255132,6.766659033654867,True,True,0.7271080696002645
zh,其中一名叫main的特工在偵察任務中陣亡，成為美方於是次衝突中的最初犧性者。,6.297695776115857,6.663687839637148,6.2807875002378,False,True,0.382900339399348
zh,當時邱臣遠每天面臨的都是不同的挑戰，如抓不住東南亞民眾的喜好、不清楚公務流程等等，但他仍努力的學習，闖出自己的一片天。,6.802913083756615,7.051646042392627,7.195769521745431,False,True,-0.14412347935280412
zh,，在拆穿海棲種與吸血種的企圖後以「存檔」為由中斷遊戲。,8.132078766813299,7.89624279044135,7.68317220670201,False,True,0.21307058373933963
zh,這口味的成功之後又多開發出了几个口味，包括薄荷和焦糖。1999年，Kit Kat Chunky 推出，并受到国际消费者的欢迎。,5.671281320725685,5.996433784238721,5.559754011294171,True,True,0.43667977294454996
zh,然而，靠外侧的等离子走过的路程较内部的更长，从而造成了数种效应，破坏了等离子体的稳定性。,6.121955711798283,6.522996872934721,6.1841999173961,False,True,0.338796955538621
zh,这部作品创作于1795年，但直到贝多芬去世前都没有完全完成它，,5.186419232280711,5.488095719985672,5.011766722745908,True,True,0.4763289972397642
zh,韦伯在1870年退休后，晚年又发展了策尔纳的电荷原子概念，他们认为物质是由带电粒子构成的，这些带电粒子处于不同的稳定位置，符合韦伯力定律。,5.981065218006019,6.479745247620775,6.0644659933364276,True,True,0.4152792542843473
zh,Quicklisp則是含括了許多函式庫的裝載管理器。,5.963430491890527,6.700691121138397,6.506039577199374,False,True,0.19465154393902306
zh,，無綫全台藝員及歌手，共同義演；一共籌得900萬港元的善款，,6.8284726674749745,6.992090437260773,6.689918650616982,True,True,0.3021717866437905
zh,"车站占地534亩，站场铺设正线1股，到发线3股，存车线4股，专用线3股，站房面积6,300平方米，每日发送旅客约1,500人次，办理旅客列车15对，货物列车10对。",5.31714353943691,6.003338502263958,5.118360173168669,True,True,0.8849783290952891
zh,，深夜期間車站詢問處關閉時可以進入車站 。,5.516472982456327,6.167395421007717,5.637020437960294,False,True,0.5303749830474223
zh,有著許多優秀的工匠，因此前來委託修理騎空艇的騎空團也相當多。,6.879842886678754,7.110602683361394,7.3602048548899415,False,True,-0.24960217152854725
zh,改编后的人民武装警察是各级公安机关的组成部分，在各级党委的领导和公安机关的直接指挥下进行工作，并接受上级武警部队的领导，实行当地块块为主的领导。,5.454136977540698,5.735530373266047,5.1384744601600305,False,True,0.5970559131060167
zh,车站会由多个摄像头进行监控，它同时也是main的站点之一（招牌设于北出入口）。,5.7056380885093665,5.97079791271499,5.485362709284281,False,True,0.48543520343070856
zh,据悉因湖南广播电视台大楼播控中心于当日11时10分严重起火，影响到楼顶中星6A卫星信号传送源，同在中星6A传送的金鹰纪实卫视亦受到影响。,7.398430511647212,7.460502350416495,7.441335686563538,True,True,0.019166663852956844
zh,自始林家強和馮美雲各自在翠屏北和翠屏南選區當選。,9.554347410569644,9.575894497758702,9.384548966890016,False,True,0.191345530868686
zh,土衛四十九每隔兩年受到土衛一明顯的擾動平均經度共振所影響，平穩密切軌道在軌道半長軸有約20公里的分子隨振幅度。,7.4924723399805,8.311357413104712,7.51558838066927,True,True,0.7957690324354427
zh,除了逻辑、比较、算术等一系列基本操作外，其他操作，包括外部函数调用、内存操作等，都由系统支持库充当中介完成。,6.225752549082826,6.454797117296224,6.065445806641008,False,True,0.38935131065521666
zh,在與前任「七星劍王」諸星雄大比賽時曾數次被逼上絕路，想好的計謀和進攻手法全部無效，戰敗前刻絕望的壓力促使其將《比翼》的劍術化作自己的劍術。,7.494403105667306,7.961629847403305,7.707599639672559,False,True,0.2540302077307466
zh,而根據對日本犬各犬種的遺傳因子程度的比較研究所得到的看法，「北海道犬（愛奴犬）」跟琉球犬一樣是繼承共通祖先繩文犬之特徵的狗。,7.550345430156174,7.879280911413855,7.9042808773590085,False,True,-0.024999965945153413
zh,，編曲：Q-MHz、eba，主唱：稻葉夕士（,8.217994582247039,8.091121515114258,7.676438383035114,False,True,0.4146831320791442
zh,营盘山公园，曾名古樟公园、黄巢公园 citation ，位于湖南衡阳雁峰区 citation 。,4.2759825503863,4.706488960450081,4.65486485092389,False,True,0.05162410952619023
zh,土耳其於1975年首度參加歐洲歌唱大賽，至今已出賽34次。,4.785298110677132,5.046514716663774,4.824274974531553,True,True,0.22223974213222064
zh,第20回隔了許久的出場，可惜在聳立高牆時間到（No.,7.34153995792072,7.968167893268498,7.6399726107807515,True,True,0.3281952824877461
zh,，会将稱為太后，君主母亲是退位君主亦不例外 citation citation 。,4.069373684765777,4.508857036988194,4.110765617451834,False,True,0.3980914195363594
zh,因为在这位老人身上，不仅有他个人的历史沧桑，还体现出中国政治在一个半世纪的现代化道路上所经历的艰难曲折与踣跌起伏。,6.926709292326105,6.932047254260967,6.941365914771827,False,True,-0.00931866051086061
zh,西藏为青藏高原的一部份；青藏高原，面积250万平方公里，占中国总面积的八分之一，平均高度在海拔4000公尺以上，是全球最高最大的高原，素有“世界屋脊”之称。,5.390489618069102,5.4038160355595135,5.098239142430656,True,True,0.3055768931288574
zh,阎钧（1914年－1980年11月12日），男，,2.6802064690969063,3.1647352551645076,2.7832465860530737,True,True,0.38148866911143386
zh,，通行速度由convert提升至convert 。2015年6月26日，郑焦城际铁路通车 citation ，亦经该桥跨越黄河。,3.7342735859736202,3.749656814955755,3.356980099719053,True,True,0.3926767152367021
zh,但到故事中盤，兩人在宇宙因對抗OZ失利被捕入獄，在獄中因互相打氣有了不少的互動，甚至在兩人的鋼彈改裝完畢之時還聯手出擊大鬧OZ的月面基地，是少數能和五飛相處融洽的人之一。,7.280269106459539,7.867577796372892,7.238969208679731,False,True,0.6286085876931606
zh,黄教安当选钟路选区议员 citation 。,5.244464678033051,4.777251882914999,4.983073541061311,False,False,-0.2058216581463128
zh,在main上，当时已晋升为海军中将的提尔皮茨，以国家海军办公室国务大臣的身份发表了演讲，而威廉二世皇帝的妯娌——main则主持为舰只命名。,5.9996127705227495,6.024083916569357,5.810283576045876,False,True,0.2138003405234814
zh,之後政府當局以「大家都是中國人」為口號壓制任何發出省籍因素不公的言論以維護其既得利益，但檯面下政府仍然以公權力主導資源的不公平分配。,6.866388874515172,6.959651071973525,6.960455396328032,False,True,-0.0008043243545072798
zh,，六婆是各種專業的名稱，有時一人可以身兼数职。,7.309366768500689,7.191995717903058,7.312836231844095,False,True,-0.12084051394103668
zh,"假设cert1和cert3具有相同的公钥，对于cert5来说有两条合法的证书链，cert5 → cert1 和 cert5 → cert3 → cert2, cert6的情况也类似。",6.32462818715014,6.400401051217933,6.166204588661302,True,True,0.23419646255663018
zh,港大校委之一及港大學生會長馮敬恩在會後披露校委在會上的發言，盧寵茂被指因陳文敏的學術水平連助理教授都不如，且當日自己受傷（參見校委會會議倒地事件）後因陳文敏未曾慰問他而否決其任命？,7.852421036466057,8.307211686259299,7.740017711668302,False,True,0.5671939745909969
zh,然而隨著使用率大增，為了能在濃霧時段行駛，林務局之後自行於正面與後端左側各加一盞照明燈以提高能見度。,7.477847744681249,7.806782814850614,7.526318633580983,False,True,0.2804641812696307
zh,而空间 被称为自反空间，如果它满足以下几个等价条件中的一个：,6.221449804208738,6.004569340320375,6.1559396374685225,False,True,-0.15137029714814787
zh,真正的第八關，由追加主題「力量的比拼」來補足。,7.397611295968598,7.656293382163963,7.564768342958398,False,True,0.09152503920556576
zh,其中，宝珀1735超复杂腕表（1735 Grande Complication）于1991年推出，,4.533781876543637,4.699159953337728,4.773337584102185,True,True,-0.07417763076445727
zh,参比电极， citation citation 也可在医药上用于泻剂、防腐剂、利尿剂等。,4.68539713419088,5.334665670831833,4.619559301419408,False,True,0.7151063694124247
zh,尤伯斯充分发挥了他的营销天才，在每个行业限定1家企业赞助，并设定最低400万美元的赞助门槛，,6.133267952868931,7.01353060426406,6.718289290204977,True,True,0.2952413140590835
zh,到9月9日，沙馬被舉報曾任民營電視台受薪烹飪節目主持人，法庭判決沙馬違憲，即時解除相職。,6.935652504035347,7.836559084388647,7.001145943459383,True,True,0.8354131409292638
zh,」（Hong Kong Democratic Self-Government Party），成功註冊為合法社團，以「促進香港自治政府之實現；使香港能增進經濟、社會、和政治的民主化，俾保證全民獲得社會的正義；提高香港在英聯邦內成為一自治城邦」為宗旨，其綱領包括國防外交權歸英國，並由英國駐軍防衛香港，,5.0541136531439435,5.237253621153927,4.86016081025373,False,True,0.377092810900197
zh,使用時會有細小的光線刀刃飛出來，對攻擊目標做成破壞。,5.906398904635875,6.706391059329483,6.523324878246448,False,True,0.18306618108303496
zh,不過，在謙信留下藤氏並返回越後的同時，北條氏馬上開始反撃，在同年10月攻撃古河，,7.047442985513911,7.27474760608747,7.148899662062707,True,True,0.12584794402476263
zh,建於1929年，後曾為道路，兼具交通道路與輸水管路的複合功能。,5.564497636770269,5.621251223624392,5.664868775605614,True,True,-0.04361755198122186
zh,"另外一個例子則是對照傳統的私利偏好假設與一個可以測試自私、利他、與合作傾向的模型 Fehr, Ernst, and Urs Fischbacher (2003).",4.974527805939645,5.201707323816148,5.157456942794932,True,True,0.044250381021216256
zh,、Loro Piana等，商戶於1999年1月開業。,4.214123456139963,4.118691684516309,3.9345843332044064,True,True,0.18410735131190226
zh,、蔡信其、葉連三、羅舜卿、呂郁文、羅守寬、林麗卿、黃國棟、鍾上林、鄭聰楫、莊雲從、,8.563391600017125,9.261462169528832,8.851714453847594,False,True,0.40974771568123813
zh,此外站场两侧设置3米高实体围墙，为北京灰仿石喷涂仿古砖风格 。,7.955584470501457,8.659545920804916,8.1036347036008,True,True,0.5559112172041161
zh,上海造币厂采用了特殊的镶嵌方法，将金属良好的柔韧性与硬脆的玉石这两种不同的材质成功地结合了起来，使得金镶玉奖牌成为了北京奥运会的一大亮点。,6.449027848936111,7.639529889219063,6.484615324569368,False,True,1.1549145646496957
zh,在康斯坦察，GRF嘗試利用武裝化Blast Walker 對 EUST 在當地展開活動的示威隊伍進行威嚇及鎮壓。,6.51317826391428,6.513042319171871,6.07716446813866,False,True,0.43587785103321064
zh,一些與真槍構造相仿的玩具槍，也能被改造成真槍。,6.803412613098801,7.0035605187281105,6.912725244607604,False,True,0.09083527412050607
zh,該相片在網上瘋傳後，網民紛紛抨擊港鐵處理乘客攜帶大型物件的條例時，有「雙重標準」及「執法不公」問題，並以水貨客事件作比較，,6.895995319717311,7.343623508215789,6.821705915763711,False,True,0.5219175924520778
zh,火山接下来还发生多起轻度爆发并持续到次日，并且同年晚些时候又发生一次规模较大但破坏程度不算严重的爆发。,6.386918329230918,6.498088338090548,5.955786928274156,False,True,0.5423014098163916
zh,谢尔比关注的一个主要问题就是确保获得联邦援助保卫边疆 。,6.021186144116265,6.5399621082502435,5.854347126653716,False,True,0.6856149815965278
zh,，每日就市买活鱼，纵之江中，莫不洋然。”,8.901224491791979,9.227764314780574,8.431347186199481,False,True,0.7964171285810924
zh,），字舜美，河南懷慶府河內縣（今沁陽市）人，,6.898597762155007,6.953375702046097,6.766987425426705,False,True,0.18638827661939228
zh,斯韋雷立即花一些時間對該地區徵收戰爭稅，但隨著他的萊當部隊接近叛變，斯韋雷撤回卑爾根，他決定在卑爾根度過這個冬天。,7.522051458189307,8.120788300641347,7.639565566723463,False,True,0.4812227339178845
zh,中大政治與行政學系高級導師蔡子強，質疑譚香文「單方面覺得自己想做『道德警察』，卻將這件事公諸於世，對女事主的傷害更加大」。,7.369855411690874,7.839055683669755,7.274383781187237,False,True,0.5646719024825178
zh,』請問，民進黨今天還有誰在談『建立台灣共和國及制定新憲法』？,6.738317009613853,7.101506021652789,6.865105726613286,False,True,0.23640029503950366
zh,另一個簡單的孔多塞制是最大最小（Minimax）制：如果沒有選項沒被擊敗，那麼被最少的選票擊敗的選項獲勝。,6.380931192752348,6.355154687830143,6.105967674612724,False,True,0.2491870132174192
zh,乙型脑炎病毒在猪间传染常早于人间传染1～2个月，故监测猪的感染率有助于预测人群的流行趋势。,7.650601863091374,7.831462766862169,7.820984207910398,True,True,0.01047855895177019
zh,陈光琳（1934年10月－2015年9月21日），,2.7730292121259845,2.7508363591876934,2.6962381647496594,True,True,0.05459819443803404
zh,“那段时间我一直都很艰辛，搬了很多次家，不得不独立成长……我父母还离婚了。,6.5481568075152765,7.079300060927724,6.645537656844915,False,True,0.43376240408280875
zh,“血债”，三军团在长征途中枪杀了一军团的一位干部。,6.520795551449265,7.104554411152042,6.948993192971001,False,True,0.15556121818104085
zh,》太史公自序说：「秦所以东攘雄诸侯，樗里、甘茂之策。,9.401388040477215,9.715944563694405,8.991032441651951,False,True,0.7249121220424541
zh,经对比检测原型枪的相关尺寸，发现样枪的闭锁间隙过大，枪机不能提供充分的阻力，防止弹壳在后退出膛过程中的塑性变形，从而使弹壳发生横断。,7.444930051498,7.971587707720955,7.289875504079114,False,True,0.6817122036418413
zh,傅爾丹復疏言：「科布多阻大河，材木難致。,9.862910068546196,9.424847391295707,9.65242164870621,False,True,-0.2275742574105024
zh,戰機就是從此地起飛，參與1942年的珊瑚海海戰。,5.961451192226467,6.335801232983112,6.27327549560767,True,True,0.06252573737544154
zh,"，生长于海拔180米至2,000米的地区，常生于山谷溪边、林下和开旷潮湿处，目前尚未由人工引种栽培。",2.5580417302898386,3.2087194077922994,2.6224566384085746,True,True,0.5862627693837248
zh,·卷一百二》：「及日中，燕兵大敗，俘斬五萬餘人，乘勝追擊，所殺及降者又十萬餘人，評單騎走還鄴。,7.083444854882476,7.5934408318898425,7.3173022773217005,False,True,0.27613855456814207
zh,黑枕黄鹂的體羽大部分呈金黃色，兩翅及尾呈黑色，在頭部通過眼有一條寬闊的黑紋，嘴呈粉紅色，腳呈鉛色，是一種非常美麗的鳥。,7.181616129234105,7.654377449571311,6.93959810708042,False,True,0.7147793424908908
zh,宜蘭西國三十三所觀音靈場第十二番千手觀世音.,8.68426269909642,8.93795906307832,8.433208945752611,False,True,0.5047501173257096
zh,从一个地方搬到另一个地方的贵族会适应这个新地方，并接受当地的宗教和文化，那些迁至斯拉夫地区的立陶宛贵族家族会很快一代代地采纳当地的文化。,5.612276485956771,6.081695763650345,5.559558270112467,False,True,0.522137493537878
zh,：臺灣學者、時事評論員，《今周刊》發行人。,5.888067578469211,6.187423957674887,5.926668740490067,False,True,0.26075521718482
zh,以後，德川軍把三河以來的軍制改為main。,5.350148873502634,5.604551114103728,5.7453727600394435,False,True,-0.14082164593571544
zh,稍後美國眾議院兩黨罕見達成共識以354票對60票譴責川普從敘利亞撤軍，認為此舉是放棄了美國盟友庫德族和破壞了與伊斯蘭國的鬥爭，並引發了人道主義災難，歐洲各國也批評川普此舉不負責任， citation 川普對此則表示庫德族對抗伊斯蘭國僅是為了保護自己而戰，,6.413145683487496,6.613626547528876,6.231953017705682,True,True,0.38167352982319347
zh,"他们表面的乐观主义面纱后面是“不确定性、推诿和错误倾向” 大卫, 佩珀.",7.788541161371429,8.283593575141683,7.449383193073604,False,True,0.8342103820680791
zh,常滑、空港方向的普通列車中，部分會在此站（平日）或金山站（星期六及假日）出發。,6.329505292100326,6.459384938998471,5.627772599365928,False,True,0.8316123396325432
zh,邊界地區如麥克爾斯菲爾德、沃靈頓和格洛瑟普等為持在原有的郡，,7.139025312938824,7.55331682822025,7.18098996740174,False,True,0.37232686081850996
zh,被空想力理論建構者之一的馬歇爾博士改造為泛用型空想武裝DW-03「混沌狂想」，變身後為空想英雄魔法師「寂靜之白」白韻。,7.674054833104269,8.669991963570162,8.11894303987124,True,True,0.5510489236989216
zh,誠品內部將營運模式分為獨立大店、購物中心與百貨店型、交通樞紐與醫院校園、區域特色與社區生活四種主要類型 citation 。,5.510210745209687,5.8098203781751785,5.573652011206894,False,True,0.23616836696828436
zh,洞中石壁上刻有三处石刻，最早的位于正中，“一為竖造聖神佛僧，嘉靖伍年伍月初伍日建。,8.063687195871792,9.044507988222808,8.252888815256185,False,True,0.7916191729666231
zh,魏文侯於是釋放師經，並且勵精圖志，重用賢臣，改革魏國。,8.069791564460816,8.667706251898855,8.152807098653291,False,True,0.5148991532455636
zh,该地2001年总人口131042人，其中男性69665人，女性61377人；0—6岁人口20422人，其中男10548人，女9874人；识字率65.,2.247166445251136,2.082563106730244,2.1182125144626274,True,True,-0.03564940773238323
zh,，黄回与袁粲通谋反对萧道成，萧顺之听闻袁粲的行动，率家兵据守朱雀桥，黄回的觇人回去告诉黄回：“朱雀桥南一长者，英威毅然，坐胡床南向。”,9.15969724667834,9.874081290755653,9.41710372069121,False,True,0.45697757006444206
zh,公園也因工人要进行塑像最后部分的磨光工作，于10月3日封锁了「Omphalos」。 citation 「云门」的每个接焊都要经过5个阶段才可以制成其跟镜子一样的外表。,5.960087134598376,5.956659274677179,6.0009242676320484,True,True,-0.04426499295486952
zh,该市镇总面积23.71平方公里，2009年时的人口为416人。,1.2215658537936698,1.284638169231818,1.112501765879138,True,True,0.17213640335268
zh,北卡罗来纳州众议员main也施加压力，促使阿莫斯为此案作证 citation 。,4.687642086280212,5.08404206263751,4.600427788023823,False,True,0.48361427461368667
zh,阮惠後來改名「阮光平」，「光」是墊字，該字在子孫的名字中世代相襲；「平」則是其名。,7.249232395833805,7.649237965894967,7.112310881623692,False,True,0.5369270842712748
zh,，顶格是副词 的一个格，能产性局限于少数词干。,7.975596830376255,8.05609663511051,8.25976445232748,False,True,-0.20366781721696903
zh,姬圓鰹節蟲（Anthrenus verbasci）幼蟲及其糞便、舊皮。,7.468869288102621,7.525634875523938,7.170703654232373,False,True,0.3549312212915652
zh,晉哀帝司馬丕（341年－365年3月30日），字千齡，,5.386372797514546,5.402087098013381,5.024385679494515,True,True,0.37770141851886585
zh,然而当他读到诗中“野火烧不尽，春风吹又生”的诗句，又惊又喜，道：“有句如此，居天下何难！”,7.204014543505946,8.25648998241512,7.283706338851416,False,True,0.9727836435637043
zh,中国国家话剧院（英文：National Theatre of China，简写：NTC），中国大陆国家级表演艺术团体。,3.501921927206326,3.5906642412588914,3.283004064372051,False,True,0.30766017688684055
zh,路尾有个新村叫巴口（Bukit Bakri），距离麻市大越八公里。,7.036689017443652,7.235646317530916,6.66212779979701,False,True,0.5735185177339064
zh,標準（x）：該處包含全球重要的生物多樣性保護棲息地之一，有800多種植物，以及200多種動物，擁有傑出的生物多樣性，,5.018743942293005,5.491335010299713,5.025038017601273,True,True,0.4662969926984406
zh,贝内文托公爵main（Grimoald）以一支强大的军力从中调停来支持戈德珀特，然而当他到达帕维亚后，他立刻杀害了戈德珀特并取代了他。,6.646876782983557,7.089376408366799,6.484431278274947,False,True,0.6049451300918518
zh,廣西參議鄧雲霄、大名道山東按察使段猷顯俱照不及例，各降一級用。,9.233503621529367,9.550410548829436,9.20570778549692,False,True,0.34470276333251704
zh,到了耶路撒冷，鲍德温不再需要亚美尼亚人支持，便迅速抛弃了她。,5.56028866652091,7.014704979709814,6.010608217070567,False,True,1.0040967626392465
zh,"此次会议成果振奋人心，但也要看到这只是世贸多哈回合协议的一个缩水版协议,离多哈回合谈判的全面完成尚十分遥远。",7.956758055095286,8.073318214790334,8.384716331404087,False,True,-0.31139811661375383
zh,C.0096年的「拉普拉斯之亂」因為被標為坐標點之一因此遭到「吉翁殘黨軍」的攻擊，由於當時因荒漠原因該基地被認定為防禦價值低因此並未有重兵把守，導致損失嚴重，基地後來由「E.,6.663702579632735,6.924189128647336,6.751101286000509,True,True,0.17308784264682675
zh,縣城及其附近的古廟，如百子宮、石門山廟、三聖宮，聖母宮、三官樓、三師殿、北極宮、老君閣、新龍廟、土主廟、雷祖廟等，地震時完全傾廢；城池、衙署、司法署、公安局等政府用房完全傾圮；就是建築比較好的政府公署和天主教堂也大半搖平。,6.860686308247733,7.812193394827688,7.143958834208065,False,True,0.6682345606196227
zh,如全ʨian、选ɕian、俊ʨin、迅ɕin。,10.437046467434543,9.60378547917981,10.104675089479091,False,True,-0.5008896102992804
zh,他们应用扫描电子显微镜来检查该组织的外观和结构，还使用质谱仪和抗体结合实验来辨识其组织蛋白，这些标本还被送往多个实验室中进行独立的分析。,6.033809731884821,6.961515695746482,6.432304441123517,False,True,0.5292112546229655
zh,對Saber有種病態又狂熱的迷戀，毫不隱藏自己對Saber的愛意。,6.564099145599428,7.0749470234929035,6.299906600382065,False,True,0.7750404231108385
zh,此后，在2008年等时间，多伦多市公交系统又多次进行罢工。,4.865874780190812,5.479857429975062,5.1674235650447535,True,True,0.3124338649303082
zh,雲槎外史，常以太清春、太清西林春、雲槎外史自署，,10.15208844073718,9.491722611187305,9.782219965172555,False,True,-0.29049735398525023
zh,阿尔及利亚穆阿斯凯尔地区的穆斯林领袖与埃米尔，阿卜杜·卡迪尔，组织阿尔及利亚人在奥兰和穆斯塔加奈姆以游击战袭扰法军。,6.505694888123831,6.733072602817035,6.407657454752047,False,True,0.3254151480649883
zh,海绵薄壁组织排列疏松，同时可被看作为通气薄壁组织。,8.172777285610216,8.590512455172755,8.303817693690887,False,True,0.28669476148186845
zh,花窗的安置實際上不是為使建物內部的人能透視外部，所以花窗，特別是大型花窗，實際上承擔了「牆」的功能，是透光的牆。,6.805695818564782,7.08503214009484,6.701861069830638,False,True,0.3831710702642015
zh,塞缪尔·亨廷顿对政党的发展规律提出了一个四阶段模式 citation ：,4.4977256859011705,5.442206063370284,4.947557037231717,False,True,0.49464902613856676
zh,但是隨著魔界樹人智慧的增長，他們為了爭奪魔界樹的能量而展開鬥爭，最終因為戰鬥而毀滅了自己的星球。,5.580876274660738,6.23176712200935,5.531971091509789,False,True,0.6997960304995612
zh,最后，当他读到巨盾落地之时，房子里传来空洞的金属响声。,7.541947522774309,8.114455164062486,7.264530662110554,False,True,0.8499245019519321
zh,开封高中拥有教职工181人，专任教师148人。,5.333861220071504,5.983562602648148,5.339717343988482,True,True,0.6438452586596659
zh,，因此校舍另建有柔道館一座，於1975年6月因校務問題停招 。,6.254091312455346,6.243209626169954,5.827976089787996,True,True,0.41523353638195815
zh,為此香港政府需要修訂《村代表選舉條例》，為每條現有鄉村設立居民代表職位，並為每條原居鄉村或共有代表鄉村設立原居民代表職位，即俗稱的「雙村長制」。,6.234153933875088,6.343135410041074,6.067064523970921,False,True,0.27607088607015307
zh,在连续短片Paramount on Parade中的Murder Will Out里，同样亦由奥兰饰演的傅满州与菲力奥·万斯（Philo Vance）,5.150843172674785,5.29834823887433,5.072211111597858,False,True,0.22613712727647162
zh,他们的父亲约翰尼·施莱克在1965年到1974年也曾是职业自行车手。,4.609646077285835,4.789383239152027,4.404608793340717,True,True,0.3847744458113098
zh,傅种孙的老师、北京师范大学数学系教授蔡钟瀛病重时，傅种孙奉侍汤药，并请大夫会诊。,8.681991334622033,8.62032644340192,8.364005514011414,False,True,0.25632092939050644
zh,，而不是更高的暴雨警告信號如紅雨和黑雨。,7.028997113135321,7.001876661162462,6.163587227782503,False,True,0.8382894333799591
zh,最後2發砲彈在加滿火藥後朝裝甲板射擊，最終把裝甲板炸開，但是蘇弗朗號的砲塔仍能運作，砲塔內的日耳曼電氣火控系統以及放置在砲塔上的6隻羊皆沒有受到傷害。,6.574077453343338,7.2663204402994905,6.4184191784591835,True,True,0.847901261840307
zh,，并于次年（1642年）再次降服前後藏，,5.580500393122851,5.612274662869457,5.302110995137418,True,True,0.3101636677320396
zh,特別的是性能分析代理器可以用任意方式改寫目的應用程式的位元組碼。,5.944288769575408,6.300120832517797,6.61752284054215,False,True,-0.31740200802435314
zh,韓另承諾去年選市長接受捐贈的競選經費，大多數將挹注青年創業，少部分捐贈社會福利機構 。,7.18984341235506,7.84110456291993,7.182556851403305,False,True,0.6585477115166247
zh,甲子分闱乙丑，桂藩就国，道经武昌，内官欲毁沿河民舍，以便挽舟。,9.085318554031748,9.650447353391506,8.907193370810722,False,True,0.743253982580784
zh,，1940年社会主义劳动英雄奖章获得者，同年获得技术科学博士学位。,4.377663067262438,4.7984726453839235,3.980928470405357,True,True,0.8175441749785666
zh,，由於其設計是打算以可重複使用的太空船為主，故設計上不可改裝上噴射引擎。,5.734758480999874,5.793532891890714,5.368354593519827,False,True,0.42517829837088694
zh,，曾為時尚雜誌《main》專屬模特兒 ，現為時尚雜誌《main》常規模特兒。,5.024190740624615,5.425374370425102,5.12648087069791,False,True,0.2988934997271917
zh,康熙初年议准，行敷土礼时，各陵上土13担；乾隆二年（1737年），为使宝顶少遭践踏，改为各陵每年皆增土一担 。,7.998448050541297,8.358513287006884,8.16878910243267,True,True,0.1897241845742137
zh,：トンボ釣り ，釣蜻蜓的艦艇會比現役艦又撤除更多的艦載武裝，不過1942年後就不再隨艦隊擔任此項任務。,7.663174381566114,7.766123513879024,6.883912841174965,True,True,0.8822106727040593
zh,使用者亦可將朋友分別加入不同的列表中管理，例如「同事」或「摯友」等。,5.184142191810867,5.492489513094755,5.287611671808357,False,True,0.20487784128639852
zh,按照桥面系的刚度大小，悬索桥可分为柔性悬索桥和刚性悬索桥。,8.20909166752542,9.015807890343144,9.105915425609279,False,True,-0.09010753526613513
zh,裝備了掃雷犁和火箭爆導索等掃雷裝置，掃雷犁由液壓操縱升降，行軍時將掃雷犁抬起20度。,8.404156499787868,9.887216620758482,8.912248860826782,True,True,0.9749677599316993
zh,内容包括反映受压迫的痛苦、反抗封建礼教和封建婚姻制度、歌颂纯真爱情、赞美劳动生产、反映社会风俗等等，还有独特的反义歌和谐音调。,7.026904297205221,7.4364087475216385,6.74824012008161,False,True,0.6881686274400289
zh,在佐爾格被捕、事跡洩漏後，被父親本多上校槍殺且偽裝成舉槍自盡。,8.486791411805035,9.034955154553082,8.964544769359245,False,True,0.07041038519383669
zh,并公布了中文说明书与中日跨区联机等细节及售价。,8.48852064003191,8.405264526679828,7.8177571154796,False,True,0.5875074112002272
zh,酒量很大，喜歡看別人喝醉酒發酒瘋的窘樣、,8.434348398112137,8.589131473544658,8.613632285779575,False,True,-0.02450081223491729
zh,，重新裝上按原卜公碼頭樣式興建的新碼頭，,7.564042543413156,7.4773339356725534,7.083397354912238,False,True,0.39393658076031546
zh,Thompson的偽自傳式故事。 citation 這是史高西斯的第二部長篇電影。,4.953812123713259,4.866725612761161,4.445936938480533,False,True,0.4207886742806277
zh,"他与勃朗宁度过的时间越多,就越能在情感上和精神上与这位诗人产生共鸣,他们互相开始理解对方,尽管他们有语言障碍。",7.059683797356471,7.617295185909115,7.180156563252063,False,True,0.43713862265705217
zh,在神罗体制确定后，德意志境內各大家族經常邀請實力較弱的候選人來擔任皇帝，以方便控制，神羅的中心和首都也逐漸移動至波西米亞王國（,6.744021729621246,6.84181519248546,6.4677563665118685,False,True,0.3740588259735915
zh,母陳氏；甄氏；黃氏 citation 。,3.8285678356456945,3.7953128771716598,3.3119188490137517,False,False,0.4833940281579081
zh,拉脱维亚有一名女子摔跤运动员在2015年世界摔跤锦标赛上位列前6名，直接获得奥运资格 citation 。,3.281660734639018,4.849659634182033,4.074971503480617,True,True,0.7746881307014162
zh,"開幕當時该体育场是世界容量第三大的體育場，可以容納110,000名觀眾，目前則可容納87,411人 citation 。",4.351767618625387,4.737168627119299,4.232904758561111,True,True,0.5042638685581879
zh,但因在疫病流行時使用魔術治療，而被他人誤以為是使用魔術造成疫病流行的元兇，最終被處以火刑。,6.113178658467071,6.662920633659541,6.328232225671595,False,True,0.3346884079879455
zh,为了报仇，杰夫派他的朋友和坦雅自行任命的保镖肖恩·埃克哈特，,7.521320155053482,8.468234350629078,7.755200227422899,False,True,0.7130341232061799
zh,，报名参加胡宗南的第一軍中由李芳兰任团长的湖南青年第三戰地服務團。,7.557263101007757,7.4310147241264835,7.859919545857334,False,True,-0.42890482173085065
zh,另外，阿爾達最為人所知的是他對汽車的熱情，,5.099137255228514,5.537409087206888,5.472967250467739,False,True,0.0644418367391495
zh,；假若對於這系統測量某物理量，則可能得到幾種不同的數值。 citation : 316ff 例如，設定膠子的色態為紅色-反藍色加上藍色-反紅色：,5.610088018231025,6.1405061104539955,5.567103249320495,True,True,0.5734028611335003
zh,優霸杯的獎盃是由當時倫敦著名的銀匠麥皮依和維伯（Mappin and Webb）鑄成。,6.638074037696888,7.285771457579298,6.810712599120515,False,True,0.47505885845878293
zh,房崇吉设置装土的竹箱和方正的屋梁，向城下冲击，经常歼灭敌人。,8.087432184776052,8.575524540134769,8.75929841030597,False,True,-0.18377387017120128
zh,左都御史李邦华、少詹事项煜、右庶子李明睿各言南迁及东宫监抚南京，上骤览之，怒甚。,9.139183704848726,9.57560204738517,8.879207414249795,False,True,0.696394633135375
zh,之後為了奪取玉璽先後對南陽與成都展開襲擊，並且殺了袁術，重傷樂就。,7.337501484543931,7.59969207077224,7.149290146080647,False,True,0.4504019246915929
zh,Chae，Chung Yang（2001），第231页 與此同時，在第2軍後方的main因較早前在溫井損失過大，只能提供其第2團作為該軍之預備隊。,5.413275792587308,5.511616699470117,5.42225622461195,True,True,0.08936047485816623
zh,臺灣有一些因投資TRF而蒙受大額損失的受害者組成「TRF自救會」及「TRF自救聯盟」。,6.768059901080206,7.3036966776959895,6.705049960622568,False,True,0.5986467170734215
zh,），一般扮演比较文雅的男性角色，各个剧种有所不同，但比较一致的大概分为如下几种：,5.8892304038894165,6.146354567764029,6.061083388222872,False,True,0.0852711795411576
zh,在同时与九位分部长的战斗中为保护AJ而被雷帝的九階闇術【稻妻之魔龙】击中，濒临死亡。,8.56013743685959,9.524058887112654,9.641734312339143,False,True,-0.11767542522648888
zh,，《CLANNAD》在2004年4月28日推出之後，於遊戲銷售量排行榜上保持第1名 citation ，之後在2次比賽各排名第1名以及第46名 citation ；《CLANNAD 普通版》在2004年8月6日推出之後，於遊戲銷售量排行榜上保持第26名 citation ，之後在2次比賽各排名第37名以及第41名 citation 。,3.427436021034125,3.299466144390114,3.372887439011446,True,True,-0.07342129462133196
zh,孔维宁（1947年－2010年6月10日），,3.046548174505457,3.091050704342979,3.1704352638989426,True,True,-0.07938455955596346
zh,其餘的主要政黨與其在2018年參與選舉的市數包括：,4.8729913552543795,5.249011259707457,5.015114854534037,True,True,0.2338964051734198
zh,女排大獎賽早年的分站賽事和總決賽通常在東亞地區舉行，這是因為東亞地區的排球市場龐大，擁有較大的觀眾群（例如香港），而且大獎賽的贊助商多來自東亞地區。,5.682214326634093,5.962028833795573,5.7489606925374614,False,True,0.2130681412581117
zh,傑克和衛斯理商討如何對付透明的勃拉克之際，突然發覺透明的勃拉克在身旁，二人方寸大亂，勃拉克藉混亂中逃去。,7.864595446054384,8.191916253849676,7.371613887924482,False,True,0.820302365925194
zh,蘇聯告知波蘭代表後不久，龐大的蘇聯軍隊越過了兩國邊境，入侵波蘭。,6.0628763316365255,6.421597536342352,5.5529821683584695,False,True,0.8686153679838826
zh,，并设有23号（卡尔卡松西/马扎梅）和24号（卡尔卡松东/特雷布）两个出入口。,6.072490015895083,6.750019658966617,6.424786982745218,True,True,0.3252326762213995
zh,包含登島旅遊費用約為7000日圓～16000日圓。,6.150147855831756,6.260230299325068,5.9185523139381875,True,True,0.3416779853868803
zh,当时三条沟公司陷入和顺公司内部联盟失和的困境。,7.3739382280426335,7.373838707415334,7.422516218295141,False,True,-0.04867751087980654
zh,：和洽清和幹理，常林素业纯固，杨俊人伦行义，杜袭温粹识统，赵俨刚毅有度，裴潜平恆贞幹，皆一世之美士也。,10.242345172981452,10.613997035609044,10.48321909951246,False,True,0.1307779360965835
zh,有時候，自由空間又稱為自由空間真空，或經典真空。,5.803252249141097,6.021447106083553,5.628089487719102,False,True,0.39335761836445116
zh,超过40种草药在酒精中浸泡数周，保证酒水原液独特的风味，接着对原液进行蒸馏，并在橡木桶中陈酿长达6个月，最后装瓶。,7.5090481464793815,7.93297432652306,7.947285560362361,True,True,-0.014311233839300996
zh,予再游万寿时，正值寺衲为主上祝釐，其梵呗者几千人，声如海潮音。,10.735781707844449,10.194736670980916,10.308637340994336,False,True,-0.11390067001341997
zh,，纳斯和斯托特迅速录制了足够的替代歌曲，最终发布了一张单碟专辑。,5.325225939902109,5.906477101730732,5.410815513861097,False,True,0.4956615878696349
zh,》的評論認為：「有小丑出现的地方，蝙蝠侠就显得黯然失色」 citation 。,4.70468310049782,5.409587978830852,5.016550660955369,False,True,0.3930373178754829
zh,男方僅在2011年12月接受《Details》雜誌專訪時表示，他並不後悔與瑪丹娜這段婚姻，也很珍惜兩個人的小孩。,5.188679452416266,5.750665748572585,5.239189103527433,True,True,0.5114766450451516
zh,，阿波羅尼烏斯手頭上還有不少的軍隊，於是阿波羅尼烏斯派人去約拿單那邊挑釁，要約拿單來與他對決，甚至還羞辱猶太人祖先曾經兩次被趕出家園。,6.876931783667305,7.804091306597864,7.361520460163912,False,True,0.44257084643395217
zh,當有人啟動手機遊戲尋找可捕捉的遊戲怪獸時，就會從遊戲裡現身襲擊遊戲玩家。,6.085964531217601,6.918319806153519,6.111795023886864,False,True,0.8065247822666555
zh,庚子停止各省鄉試，於二十八年壬寅補行庚子辛丑恩正併科。,7.528892565436814,8.312916460403732,8.195317278914557,False,True,0.11759918148917592
zh,大體來說，荃錦坳以北的山勢比較陡峭，以南則比較平緩。,7.633626935063227,8.856534772666443,7.922294438486181,False,True,0.9342403341802621
zh,，这是新加坡運動史上的首枚奥运会金牌以及新加坡首枚奥运会游泳赛事奖牌。,5.316434714898344,5.721580589784761,4.9619440749399235,False,True,0.7596365148448374
zh,耳機線能自由收縮與操控，最大伸縮長度有六公尺。,7.550580462192819,7.593685735184671,7.309194327229425,False,True,0.2844914079552465
zh,向上扳起方向解脱手柄，松紧套箍被放松，炮手可大幅度调整炮身的方向。,7.694867998156828,8.788945707780599,8.116536761135517,False,True,0.6724089466450813
zh,，此車型的城市版本主要為香港市場而開發，,5.410719644328689,5.212453589244421,4.934694728794951,False,True,0.2777588604494703
zh,如果我们查找的这个人是罪犯，我们将发出“警报”；但是当然有可能发出“假警报”。,5.6380755984276965,6.024121339994185,5.521202793035125,False,True,0.5029185469590596
zh,明朝中期，叶万春山寨、姚源洞起义，皆爆发于此。,7.544586752155149,8.10699707908027,7.876235802976979,False,True,0.23076127610329067
